vh,vl,sources,fab_tm,hic_rt,acsins,psr,stability_slope,titer,smac_rt
VQLVESGGGVVQPGRSLRLSCVASGFSFSHYAMHWVRQAPGKGLEWVAVISYDGERTYYADSVKGRFSISRDNSKNTVYLQMNSLRPEDTALYYCARDRIVDDYYYYGMDVWGQGATVTVSS,DIQMTQSPSSLSASVGDRVTITCQASQDIGNYLNWYHQKPGKVPELLMHDASNLEPGVPSRFSGRGSGTDFTLTISSLQPEDIGTYYCQQYDRLPILTFGEGTKVEIK,"garbinski2023_exp,garbinski2023_tm1",48.7,,,,,78.8,
VQLVESGGGVVQPGRSLRLSCVASGFSFSHYAMHWVRQAPGKGLEWVAVISHDGEYTYYADSVKGRFSISRDNSKNTVYLQMNSLRPEDTALYYCARDRIVDDLYYYGMDVWGQGATVTVSS,DIQMTQSPSSLSASVGDRVTITCQASQDIGTYLNWYHQKPGKVPELLMHDASNLEPGVPSRFSGRGSGTDFTLTISSLQPEDIGTYYCQQYDRLANLTFGEGTKVEIK,"garbinski2023_exp,garbinski2023_tm1",52.5,,,,,76.04,
VQLVESGGGVVQPGRSLRLSCAASGFSFSHYAMHWVRQAPGKGLEWVAVISYDGEYTYYADSVKGRFSISRDNSKNTVYLQMNSLRPEDTALYYCARDRIVDDYYYYGMDVWGQGATVTVSS,DIQMTQSPSSLSASVGDRVTITCQASQDIKKYLNWYHQKPGKVPELLMHDASNLEPGVPSRFSGRGSGTDFTLTISSLQPEDIGTYYCQQYDRLPILTFGEGTKVEIK,"garbinski2023_exp,garbinski2023_tm1",49.2,,,,,204.5,
VQLVESGGGVVQPGRSLRLSCAASGFSFSHYAMHWVRQAPGKGLEWVAVISYDGENTYYADSVKGRFSISRDNSKNTVYLQMNNLRPEDTALYYCARDRIVDDYYYYGMDVWGQGTTVTVSS,DIQMTQSPSSLSASVGDRVTITCQASQDIKKYLNWYHQKPGKVPELLMHDASNLETGVPSRFSGRGSGTDFTLTISSLQPEDIGIYYCQQYDNLPPLTFGQGTKVEIK,"garbinski2023_exp,garbinski2023_tm1",57.6,,,,,239.38,
VQLVESGGGVVQPGRSLRLSCVASGFSFSHYAMHWVRQAPGKGLEWVAVISYDGEITYYHDSVKGRFSISRDNSKNTVYLQMNNLRPEDTALYYCARDRIVDDYYYYGMDVWGQGATVTVSS,DIQMTQSPESLSASVGDRVTITCRASQDIKNYLNWYHQKPGKVPELLMHDANNLEDGVPSRFSGRGSGTDFTLTISSLQPEDIGTYYCQQYTDSGNLTFGQGTKVEIK,"garbinski2023_exp,garbinski2023_tm1",50.9,,,,,218.91,
VQLVESGGGVVQPGRSLRLSCVASGFSFSHYAMHWVRQAPGKGLEWVAVISYDGEITYYHSSVKGRFSISRDNSKNTVFLQMNSLRPEDTALYYCARDRIVDDTYYYGMDVWGQGATVTVSS,DIQMTQSPESLSASVGDRVTITCRASQDIKNYLNWYHQKPGKVPELLMHDANNLESGVPSRFSGRGSGTDFTLTISSLQPEDIGTYYCQQYTDLPNLTFGQGTKVEIK,"garbinski2023_exp,garbinski2023_tm1",48.9,,,,,128.68,
VQLVESGGGVVQPGRSLRLSCVASGFSFSHYAMHWVRQAPGKGLEWVAVISYDGEITYYHDSVKGRFSISRDNSKNTVYLQMNSLRPEDTALYYCARDRIVDDYYYYGMDVWGQGATVTVSS,DIQMTQSPSSLSASVGDRVTITCRASQDIKNYLNWYHQKPGKVPELLMHDANNLEDGVPSRFSGRGSGTDFTLTISSLQPEDIGTYYCQQYYDLPNLTFGQGTKVEIK,"garbinski2023_exp,garbinski2023_tm1",51.2,,,,,77.0,
QVQLVQSGAEVKKPGSSVMVSCQASGGPLRNYIINWLRQPPGQGPEWMGGIIPSLGLVYYAPKFQGRVTITADESTDTAYIHLINLRSEDTAMYYCATETALVVSSGYLPYYFDNWGQGTLVIVSS,DIQMTQSPSSLSASVGDRVTITCRASQDIGNYLNWYQQKPGKAPKLLIYVTSNLDSGVPSRFSGSGSGTDFSLTISSLQPEDVATYYCQQYSNLPLTFGSGTKVEIK,"garbinski2023_exp,garbinski2023_tm1",69.0,,,,,250.27,
QVQLVQSGAEVKKPGSSVMVSCQASGGPLRNYIINWLRQPPGQGPEWMGGIIPSLGTVHYAPKFQGRVTITADESTDTAYIHLISLRSEDTAMYYCATETALVVSTTYLPHYFDNWGQGTLVTVSS,DIQMTQSPSSLSASVGDRVTITCRASQDIGNYLNWYQQKPGKAPKLLIYVTSNLETGVPSRFSGSGSGTDFSLTISSLQPEDVATYYCQQYDNLPLTFGQGTKVEIK,"garbinski2023_exp,garbinski2023_tm1",75.6,,,,,320.25,
QVQLVQSGAEVKKPGSSVMVSCQASGGPLRNYIINWLRQAPGQGPEWMGGIIPVLGLVHYAPKFQGRVTITADESTDTAYIHLISLRSEDTAMYYCATETALVVSDGYLPYYFDNWGQGTLVTVSS,DIQMTQSPSSLSASVGDRVTITCRASQDIVNYLNWYQQKPGKAPKLLIYVTSNLETGVPSRFSGSGSGTDFSLTISSLQPEDVATYYCQQYDNLPLTFGSGTKVEIK,"garbinski2023_exp,garbinski2023_tm1",56.2,,,,,237.32,
QVQLVQSGAEVKKPGSSVMVSCQASGGPLRNYIINWLRQPPGQGPEWMGGIIPVLGTVHYAPKFQGRVTITADESTDTAYIHLINLRSEDTAMYYCATETALVVSTTYLPHYFDNWGQGTLVIVSS,DIQMTQSPSSLSASVGDRVTITCQASQDIVNYLNWYQQKPGKAPKLLIYVASNLETGVPSRFSGSGSGTDFSLTISSLQPEDVAIYYCQQYDNLPLTFGQGTKVEIK,"garbinski2023_exp,garbinski2023_tm1",60.4,,,,,310.93,
QVQLVQSGAEVKKPGSSVMVSCQASGGPLRNYIINWLRQPPGQGPEWMGGIIPSLGTVYYAPKFQGRVTITADESTDTAYIHLISLRSEDTAMYYCATETALVVSTGYLPYYFDNWGQGTLVTVSS,DIQMTQSPSSLSASVGDRVTITCQASQDISNYLNWYQQKPGKAPKLLIYVTSYLETGVPSRFSGSGSGTDFSLTISSLQPEDVATYYCQQYDNLPLTFGQGTKVEIK,"garbinski2023_exp,garbinski2023_tm1",63.4,,,,,317.12,
QVTLRESGPSLVKPTQTLTLTCTFSGFSLSRAGMSVGWIRQPPGKSLEWLADIWWDGKTYYNPSLKDRLTISKDTSKNQVVLKVTNMDPADTATYYCARDMIFNFYFDVWGQGTTVTVSS,DIQMTQSPSTLSASVGDRVTITCSASSSVGYMHWYQQKPGKAPKLLIYDTSKLASGVPSRFSGSGSGTEFTLTISSLQPDDFATYYCFQGSSYPFTFGEGTKVEIK,"garbinski2023_exp,garbinski2023_tm1",44.8,,,,,215.51,
QVTLRESGPSLVKPTQTLTLTCTFSGFSLSRAGMAVGWIRQPPGKSLEWLADIWWDGKTYYNPSLKDRLTISKDTSKNQVVLKVTNMDPADTATYYCARSMIFNFYFDVWGQGITVTVSS,DIQMTQSPSILSASVGDRVTITCSASSSVGYMHWYQQKPGKAPKLLIYDTSKLASGVPSRFSGSGSGTEFTLTISSLQPDDFATYYCFQGSSYPFTFGEGTKVEIK,"garbinski2023_exp,garbinski2023_tm1",55.2,,,,,248.69,
QVTLRESGPSLVKPTQTLTLTCTFSGFSLSTAGMSVGWIRQPPGKSLEWLADIWWDDKKHYNPSLKDRLTISKDTSKNQVVLKVTNMDPADTATYYCARDMIFNFYFDVWGQGITVTVSS,DIQMTQSPSTLSASVGDRVTITCSASSRVGYMHWYQQKPGKAPKLLIYDTSKLASGVPSRFSGSGSGTEFTLTISSLQPDDFATYYCFQGSGYPFTFGEGTKVEIK,"garbinski2023_exp,garbinski2023_tm1",49.4,,,,,104.87,
QVQLVQSGAEVKKPGSSVKVSCKTSAGNYSTYSINWVRQAPGQGLEWMGAIIPIFGKTRYHQKFQGRVTITADSSTNTAYMELTSLTSEDTAMYYCARVEDTALDHYFDYWGQGALVTVSS,QSMLTQPRSVSGSPGQSVTISCQGTSSIVGTYDYVSWYQQLPGKAPKLMIYDVTRRPKGVPDRFSGSKSGNTASLTISGLQKDDEADYYCCSYTGTLTWVFGTGTKLTVL,"garbinski2023_exp,garbinski2023_tm1",49.0,,,,,247.11,
QVQLVQSGAEVKKPGSSVKVSCKTSGGTYGTYSINWVRQAPGQGLEWMGAIIPIFGKTNYAQKFQGRVTITADSSTNTAYMELTSLTSEDTAMYYCARVEDTALDHYFDYWGQGALVTVSS,QSPLTQPRSVSGSPGQSVTISCTGTSGDVGTYNYVSWYQQLPGKAPKLMIYDVTRRPSGVPDRFSGSKSGNTASLTISGLQEDDEADYYCCSYAGTLTWVFGTGTKLTVL,"garbinski2023_exp,garbinski2023_tm1",53.7,,,,,263.53,
QVQLVQSGAEVKKPGSSVKVSCKTSSGSYSTYSINWVRQAPGQGLEWMGAIIPIFGKTNYHQKFQGRVTITADSSTNTAYMELTSLTSEDTAMYYCARVEDQALDHYFDYWGQGALVTVSS,QSALTQPRSVSGSPGQSVTISCQGTSSDTGTYDYVSWYQQLPGKAPKLMIYDVTRRPSGVPDRFSGSKSGNTASLTISGLQKDDEADYYCCVYTGTLTWIFGGGTKLTVL,"garbinski2023_exp,garbinski2023_tm1",50.1,,,,,259.5,
VQLVESGGGVVQPGRSLRLSCQASGFSFSHYAMHWVRQPPGKGLEWVAVISYDGEKTYYADSVKGRFSISRDNSKNTVHLQMNNLRPEDTALYYCARDRIVDDYYYYGMDVWGQGATVIVSS,DIQMTQSPESLSASVGDRVTITCQASQDIKNWLNWYHQKPGKVPELLMDKGHVLHPGVPSRFSGRGSGTDFTLTISSLQPEDIGTYYCQQYDNLPPLTFGEGTKVEIK,"garbinski2023_exp,garbinski2023_tm1",56.7,,,,,300.16,
VQLVESGGGVVQPGRSLRLSCVASGFSFSHYAMHWVRQPPGKGLEWVAVISYDGEKTYYADSVKGRFSISRDNSKNTVHLQMNNLRPEDTALYYCARDRIVDDYYYYGMDVWGQGATVIVSS,DIQMTQSPESLSASVGDRVTITCRASRSLVNSNGNTYLYWYHQKPGKVPELLMHDGTNLHDGVPSRFQGRGSGTDFTLTISSLQPEDIGIYYCQQFDNLPPISFGEGTKVEIK,"garbinski2023_exp,garbinski2023_tm1",53.9,,,,,222.0,
VQLVESGGGVVQPGRSLRLSCVASGFSFSHYAMHWVRQPPGKGLEWVAVISYDGEYTYYADSVKGRFSISRDNSKNTVHLQMNNLRPEDTALYYCARDRIVDDYYYYGMDVWGQGAIVIVSS,DIQMTQSPESLSASVGDRVTITCRASESVDYNGRSFIHWYHQKPGKVPELLMHDASNLEPGVPSRFQGRGSGTDFTLTISSLQPEDIGTYYCQQYDKLPPLTFGEGTKVEIK,"garbinski2023_exp,garbinski2023_tm1",58.1,,,,,240.31,
VQLVESGGGVVQPGRSLRLSCVASGFSFSHYAMHWVRQPPGKGLEWVAVISYDGERTHYADSVKGRFSISRDNSKNTVHLQMNNLRPEDTALYYCARDRIVDDYYYYGMDVWGQGATVIVSS,DIQMTQSPESLSASVGDRVTITCQASQDIKTWLNWYHQKPGKVPELLMYDSNKLDSNVPSRFSGRGSGTDFTLTISSLQPEDIGTYYCQQYDKLPPLTFGEGTKVEIK,"garbinski2023_exp,garbinski2023_tm1",53.9,,,,,356.8,
VQLVESGGGVVQPGRSLRLSCVASGFSFSHYAMHWVRQPPGKGLEWVAVISYDGEYTYYADSVKGRFSISRDNSKNTVHLQMNNLRPEDTALYYCARDRIVDDYYYYGMDVWGQGATVIVSS,DIQMTQSPESLSASVGDRVTITCRASQSLVNSNGNTYLYWYHQKPGKVPELLMHDGTNLEEGVPSRFSGRGSGTDFTLTISSLQPEDIGTYYCMQFDNLPPLSFGEGTKVEIK,"garbinski2023_exp,garbinski2023_tm1",54.2,,,,,255.3,
VQLVESGGGVVQPGRSLRLSCVASGFSFSHYAMHWVRQPPGKGLEWVAVISYDGKYTYYADSVKGRFSISRDNSKNTVHLQMNNLRPEDTALYYCARDRIVDDYYYYGMDVWGQGATVIVSS,DIQMTQSPESLSASVGDRVTITCKSSQSLLNSNTQKNYLAWYHQKPGKVPELLMHDGTNLEPGVPSRFQGRGSGTDFTLTISSLQPEDIGTYYCQQYDKLPPLTFGEGTKVEIK,"garbinski2023_exp,garbinski2023_tm1",54.3,,,,,352.64,
VQLVESGGGVVQPGRSLRLSCVASGFSFSHYAMHWVRQPPGKGLEWVAVISYDGEKTYYADSVKGRFSISRDNSKNTVHLQMNNLRPEDTALYYCARDRIVDDYYYYGMDVWGQGAIVIVSS,DIQMTQSPESLSASVGDRVTITCRASESVDYNGRSFIHWYHQKPGKVPELLMHDGSNLEPGVPSRFSGRGSGTDFTLTISSLQPEDIGTYYCQQYDKLPPLTFGEGTKVEIK,"garbinski2023_exp,garbinski2023_tm1",56.0,,,,,289.98,
VQLVESGGGVVQPGRSLRLSCVASGFAFSHYAMHWVRQPPGKGLEWVAVISYDGEKTYYADSVKGRFSITRDNSKNTVHLQMNNLRPEDTALYYCARDRIVDDYYYYGMDVWGQGATVIVSS,DIQMTQHPESLSASVGDRVTITCRASRSLVNSNGNTYLYWYHQKPGKVPELLMHDGTNLHPGVPERFQGRGSGTDFTLTISSLQPEDIGIYYCMQFDNLPPLSFGEGTKVEIK,"garbinski2023_exp,garbinski2023_tm1",55.7,,,,,194.42,
VQLVESGGGVVQPGRSLRLSCVASGFAFSHYAMHWVRQPPGKGLEWVAVISYDGEKTYYADSVKGRFSITRDNSKNTVHLQMNNLRPEDTALYYCARDRIVDDYYYYGMDVWGQGATVIVSS,DIQMTQSPESLSASVGDRVTITCRSSQSLLNSNTQKNYLAWYHQKPGKVPELLMHDGTNLEPGVPERFQGRGSGTDFTLTISSLQPEDIGIYYCQQYDKLPPLTFGEGTKVEIK,"garbinski2023_exp,garbinski2023_tm1",58.2,,,,,311.95,
VQLVESGGGVVQPGRSLRLSCVASGFAFSHYAMHWVRQPPGKGLEWVAVISYDGEKTYYADSVKGRFSISRDNSKNTVHLQMNNLRPEDTALYYCARDRIVDDYYYYGMDVWGQGAIVIVSS,DIQMTQSPESLSASVGDRVTITCRASDSVDYNGRSFIHWYHQKPGKVPELLMHDASSLEPGVPERFQGRGSGTDFTLTISSLQPEDIGIYYCQQYDKLPPLSFGEGTKVEIK,"garbinski2023_exp,garbinski2023_tm1",59.2,,,,,167.27,
VQLVESGGGVVQPGRSLRLSCVASGFSFSHYAMHWVRQPPGKGLEWVAVISYDGERTHYADSVKGRFSISRDNSKNTVHLQMNNLRPEDTALYYCARDRIVDDYYYYGMDVWGQGATVIVSS,DIQMTQSPESLSASVGDRVTITCQASQDIKTFLNWYHQKPGKVPELLMYDSNKLSSNVPSRFQGRGSGTDFTLTISSLQPEDIGTYYCQQYDKLPPLTFGEGTKVEIK,"garbinski2023_exp,garbinski2023_tm1",58.3,,,,,277.91,
VQLVESGGGVVQPGRSLRLSCQASGFSFSHYAMHWVRQPPGKGLEWVAVISYDGEKTYYADSVKGRFSISRDNSKNTVHLQMNNLRPEDTALYYCARDRIVDDYYYYGMDVWGQGATVTVSS,DIQMTQSPESLSASVGDRVTITCQASQDIKKYLNWYHQKPGKVPELLMDKGHVVHPGVPSRFSGRGSGTDFTLTISSLQPEDIGTYYCQQYDNLPPLTFGEGTKVEIK,"garbinski2023_exp,garbinski2023_tm1",59.2,,,,,309.98,
VQLVESGGGVVQPGRSLRLSCVASGFSFSHYAMHWVRQPPGKGLEWVAVISYDGEYTYYADSVKGRFSISRDNSKNTVHLQMNSLRPEDTALYYCARDRIVDDYYYYGMDVWGQGATVIVSS,DIQMTQSPSSLSASVGDRVTITCRASESVDYDGRSFIHWYHQKPGKVPELLMHDTSNLEPGVPSRFSGRGSGTDFTLTISSLQPEDIGTYYCQQYDRLPPLTFGEGTKVEIK,"garbinski2023_exp,garbinski2023_tm1",58.5,,,,,356.33,
VQLVESGGGVVQPGRSLRLSCVASGFSFSHYAMHWVRQPPGKGLEWVAVISYDGENTYYADSVKGRFSISRDNSKNTVHLQMNSLRPEDTALYYCARDRIVDDYYYYGMDVWGQGATVTVSS,DIQMTQSPESLSASVGDRVTITCQASQDIKKYLNWYHQKPGKVPELLMYDANKLDSNVPSRFSGRGSGTDFTLTISSLQPEDIGTYYCQQYDKLPPLTFGEGTKVEIK,"garbinski2023_exp,garbinski2023_tm1",55.9,,,,,303.29,
VQLVESGGGVVQPGRSLRLSCKASGFSFSHYAMHWVRQPPGKGLEWVAVISYDGEETYYADSVKGRFSISRDNSKNTVHLQMNNLRPEDTALYYCARDRIVDDYYYYGMDVWGQGATVIVSS,DIQMTQSPESLSASVGDRVTITCKSSQSLLNSNTQKNYLAWYHQKPGKVPELLMHDATNLEPGVPSRFSGRGSGTDFTLTISSLQPEDIGTYYCQQYDKLPPLTFGEGTKVEIK,"garbinski2023_exp,garbinski2023_tm1",57.2,,,,,359.89,
VQLVESGGGVVQPGRSLRLSCVASGFSFSHYAMHWVRQPPGKGLEWVAVISYDGEITYYADSVKGRFSISRDNSKNTVHLQMNNLRPEDTALYYCARDRIVDDYYYYGMDVWGQGATVTVSS,DIQMTQSPESLSASVGDRVTITCQASQDIKNYLNWYHQKPGKVPELLMYDSNKLDSNVPSRFSGRGSGTDFTLTISSLQPEDIGTYYCQQYDKLPPLTFGEGTKVEIK,"garbinski2023_exp,garbinski2023_tm1",56.0,,,,,341.14,
VQLVESGGGVVQPGRSLRLSCQASGFSFSHYAMHWVRQPPGKGLEWVAVISYDGEITYYADSVKGRFSISRDNSKNTVSLQMNSLRPEDTALYYCARDRIVDDYYYYGMDVWGQGATVTVSS,DIQMTQSPSSLSASVGDRVTITCQASQDIKKYLNWYHQKPGKVPELLMDKGHVVHPGVPSRFSGRGSGTDFTLTISSLQPEDIGTYYCQQYDNLPPLTFGEGTKVEIK,"garbinski2023_exp,garbinski2023_tm1",59.4,,,,,271.12,
VQLVESGGGVVQPGRSLRLSCAASGFSFSHYAMHWVRQPPGKGLEWVAVISYDGEETYYADSVKGRFSISRDNSKNTVHLQMNNLRPEDTALYYCARDRIVDDYYYYGMDVWGQGATVTVSS,DIQMTQSPSSLSASVGDRVTITCKSSQSLLNSNTQKNYLAWYHQKPGKVPELLMHDASNLEPGVPSRFSGRGSGTDFTLTISSLQPEDIGTYYCQQYDKLPPLTFGEGTKVEIK,"garbinski2023_exp,garbinski2023_tm1",61.5,,,,,358.79,
VQLVESGGGVVQPGRSLRLSCAASGFSFSHYAMHWVRQPPGKGLEWVAVISYDGENTYYADSVKGRFSISRDNSKNTVSLQMNSLRPEDTALYYCARDRIVDDYYYYGMDVWGQGATVTVSS,DIQMTQSPSSLSASVGDRVTITCQASQDIKKYLNWYHQKPGKVPELLMDKGHVVHPGVPSRFSGRGSGTDFTLTISSLQPEDIGTYYCQQYDNLPPLTFGEGTKVEIK,"garbinski2023_exp,garbinski2023_tm1",60.0,,,,,270.03,
VQLVESGGGVVQPGRSLRLSCAASGFSFSHYAMHWVRQPPGKGLEWVAVISYDGENTYYADSVKGRFSISRDNSKNTVSLQMNSLRPEDTALYYCARDRIVDDYYYYGMDVWGQGATVTVSS,DIQMTQSPSSLSASVGDRVTITCRASQSLVNSNGNTYLYWYHQKPGKVPELLMHDASNLETGVPSRFSGRGSGTDFTLTISSLQPEDIGTYYCQQYDNLPPLTFGGGTKVEIK,"garbinski2023_exp,garbinski2023_tm1",58.8,,,,,249.31,
VQLVESGGGVVQPGRSLRLSCAASGFSFSHYAMHWVRQPPGKGLEWVAVISYDGEITYYADSVKGRFSISRDNSKNTVSLQMNSLRPEDTALYYCARDRIVDDYYYYGMDVWGQGATVTVSS,DIQMTQSPSSLSASVGDRVTITCQASQDIKKYLNWYHQKPGKVPELLMDKGHVVHPGVPSRFSGRGSGTDFTLTISSLQPEDIGTYYCQQYDNLPPLTFGEGTKVEIK,"garbinski2023_exp,garbinski2023_tm1",60.4,,,,,284.68,
QVQLVQSGPEVKKPGSSVMVSCQASGGPLRDYIINWLRQPPGQGPEWMGGIIPVLGEVYYAPKFQGRVIITADESTDTAYIHLINLRSEDTAMYYCATETALVVSTTYLPHYFDNWGQGTLVIVSS,DIQMTQSPSSLSASVGDRVTITCQASQDIGNYLNWYQQKPGKPPKLLIYAGNNLDSSVPSRFSGSGSGTDFSLTISSLQPEDVAIYYCQQYANLPLTFGQGTKVEIK,"garbinski2023_exp,garbinski2023_tm1",68.3,,,,,88.96,
QVQLVQSGPEVKKPGSSVMVSCQASGGPLRNYIINWLRQPPGQGPEWMGGIIPVLGTVHYAPKFQGRVTITADESTDTAYIHLINLRSEDTAMYYCATETALVVSTTYLPHYFDNWGQGTLVIVSS,DIQMTQSPSSLSAAVGDRVTITCQASQDIGNYLNWYQQKPGKPPKLLIYVASYLDSGVPERFSGSGSGTDFSLTISSLQPEDVAIYYCCTQDFPHQFGQGTKVEIK,"garbinski2023_exp,garbinski2023_tm1",56.5,,,,,207.16,
QVQLVQSGPEVKKPGSSVMVSCQASGGPLRNYIINWLRQPPGQGPEWMGGIIPVLGTVHYAPKFQGRVTITADESTDTAYIHLINLRSEDTAMYYCATETALVVSTTYLPHYFDNWGQGTLVIVSS,DIQMTQSPSSLSAAVGDRVTITCQASQDIGNYLNWYQQKPGKPPKLLIYHASYLESGVPERFSGSGSGTDFSLTISSLQPEDVAIYYCCTQDFPHQFGQGTKVEIK,"garbinski2023_exp,garbinski2023_tm1",57.2,,,,,83.97,
QVQLVQSGPEVKKPGSSVMVSCQASGGPLRNYIINWLRQPPGQGPEWMGGIIPVLGTVHYAPKFQGRVTITADESTDTAYIHLINLRSEDTAMYYCATETALVVSTTYLPHYFDNWGQGTLVIVSS,DIQMTQSPSSLSAAVGDRVTITCRASQDIGNYLNWYQQKPGKPPKLLIYLASYLESGVPERFSGSGSGTDFSLTISSLQPEDVAIYYCATQDFPHQFGQGTKVEIK,"garbinski2023_exp,garbinski2023_tm1",51.3,,,,,86.71,
QVQLVQSGPEVKKPGSSVMVSCQASGGPLRNYIINWLRQPPGQGPEWMGGIIPVLGTVHYAPKFQGRVTITADESTDIAYIHLINLRSEDTAMYYCATETALVVSTTYLPHYFDNWGQGTLVIVSS,DIQMTQSPSSLSARVGDRVTITCQASQDIGNYLNWYQQKPGKPPKLLIYVASYLDSGVPERFSGSGSGTDFSLTISSLQPEDVAIYYCATQDFPHRFGQGTKVEIK,"garbinski2023_exp,garbinski2023_tm1",55.3,,,,,143.48,
QVQLVQSGPEVKKPGSSVMVSCQASGGPLRNYIINWLRQPPGQGPEWMGGIIPVLGTVHYAPKFQGRVTITADESTDTAYIHLINLRSEDTAMYYCATETALVVSTTYLPHYFDNWGQGTLVIVSS,DIQMTQSPSSLSASVGDRVTITCQASQDIVNYLNWYQQKPGKPPKLLIYAGNNLDSSVPSRFSGSGSGTDFSLTISSLQPEDVAIYYCQQYDNLPLTFGQGTKVEIK,"garbinski2023_exp,garbinski2023_tm1",76.1,,,,,371.51,
QVQLVQSGAEVKKPGSSVMVSCQASGGPLRNYIINWLRQAPGQGPEWMGGIIPVLGTVHYAPKFQGRVTITADESTDTAYIHLINLRSEDTAMYYCATETALVVSTTYLPHYFDNWGQGTLVIVSS,DIQMTQSPSSLSAAVGDRVTITCRASQDISNYLNWYQQKPGKPPKLLIYVASYLETGVPERFSGSGSGTDFSLTISSLQPEDVAIYYCATQDFPHQFGQGTKVEIK,"garbinski2023_exp,garbinski2023_tm1",56.7,,,,,191.89,
QVQLVQSGPEVKKPGSSVMVSCQASGGPLRNYIINWLRQPPGQGPEWMGGIIPQLGTVYYAPKFQGRVTITADESTDTAYIHLINLRSEDTAMYYCATETALVVSTTYLPHYFDNWGQGTLVIVSS,DIQMTQSPSSLSASVGDRVTITCQASQDIVNYLNWYQQKPGKPPKLLIYAGNNLDSSVPSRFSGSGSGTDFSLTISSLQPEDVAIYYCQQYDNLPLTFGQGTKVEIK,"garbinski2023_exp,garbinski2023_tm1",76.3,,,,,351.05,
QVQLVQSGAEVKKPGSSVMVSCQASGGPLRNYIINWLRQAPGQGPEWMGGIIPVLGTVHYAPKFQGRVTITADESTDTAYIHLISLRSEDTAMYYCATETALVVSTTYLPHYFDNWGQGTLVTVSS,DIQMTQSPSSLSAAVGDRVTITCQASQDIVNYLNWYQQKPGKAPKLLIYAGNNLDSGVPSRFSGSGSGTDFSLTISSLQPEDVATYYCQQYDNLPLTFGQGTKVEIK,"garbinski2023_exp,garbinski2023_tm1",76.1,,,,,281.46,
EVQLVQSGPEVRKPGSSVKVSCKTSSGTYGTYSINWVRQAPGQGLEWMGAIIPIFGKTSYHQKFQGRVTITADSSTNTAYMELTNLTSEDTAMYYCARVEDTALDHYFDYWGQGALVTVSS,QSSLTQPRSVSGSPGQVVTITCTGTSSSMGTYNYVAWYQQLPGKPPKLMIYYNSRRYKHVPDRFSGSKSGNTAVLTISGLQKDDEADYYCCSYAGTLTWIFGDGTKLTVL,"garbinski2023_exp,garbinski2023_tm1",55.9,,,,,129.46,
QVQLVQSGPEVRKPGSSVKVSCKTSSGTYGTYSINWVRQAPGQGLEWMGAIIPIFGITNYHQKFQGRVTITADSSTNTAYMELTNLTSEDTAMYYCARVEDTALDHYFDYWGQGALVTVSS,QSSLTQPRSVSGSPGQVVTISCTGTSSSMGTYNYVSWYQQLPGKPPKLMIYYNSRRYKHVPDRFSGSKSGNTASLTISGLQKDDEADYYCCSYAGTLTWIFGDGTKLTVL,"garbinski2023_exp,garbinski2023_tm1",56.7,,,,,166.39,
QVQLVQSGPEVKKPGSSVKVSCKTSSGTYSTYSINWVRQAPGQGLEWMGAIIPIFGITRYHQKFQGRVTITADSSTNTAYMELTNLTSEDTAMYYCARVEDTALDHYFDYWGQGALVIVSS,QSSLTQPRSVSGSPGQVVTISCTGTSSQMGTFNYVAWYQQLPGKPPKLMIYGGSTRDSGVPDRFSGSKSGNTAVLTISGLQKDDEADYYCCAYVGTLTWVFGDGTKLTVL,"garbinski2023_exp,garbinski2023_tm1",54.8,,,,,95.85,
EVQLVQSGPEVRKPGSSVKVSCKTSSGTHGTYSINWVRQAPGQGLEWMGAIIPIFGKTSYHQKFQGRVTITADSSTNTAYMELTNLTSEDTAMYYCARVEDTALDHYFDYWGQGALVTVSS,QSSLTQPRSVSGYPGQVVTITCTGTSSSMGTYNYVAWYQQLPGKPPKLMIYYNSRRYKHVPDRFSGSKSGNTAVLTISGLQKDDEADYYCCSYVGTLTWVFGDGTKLTVL,"garbinski2023_exp,garbinski2023_tm1",57.1,,,,,168.08,
QVQLVQSGPEVRKPGSSVKVSCKTSSGTYSTYSINWVRQAPGQGLEWMGAIIPIFGITRYHQKFQGRVTITADSSTNTAYMELTNLTSEDTAMYYCARVEDTALDHYFDYWGQGALVIVSS,QSSLTQPRSVSGYPGQVVTISCTGTSSQMGTFNYVAWYQQLPGKPPKLMIYGASTRDSGVPDRFSGSKSGNTAVLTISGLQKDDEADYYCCAYVGTLTWVFGDGTKLTVL,"garbinski2023_exp,garbinski2023_tm1",55.7,,,,,131.29,
QVQLVQSGPEVKKPGSSVKVSCKTSSGTYGTYSINWVRQAPGQGLEWMGAIIPIFGKTNYHQKFQGRVTITADSSTNTAYMELTSLTSEDTAMYYCARVEDTALDHYFDYWGQGALVTVSS,QSALTQPRSVSGSPGQVVTISCTGTSSSMGTYNYVSWYQQLPGKPPKLMIYYNSRRYSNVPDRFSGSKSGNTASLTISGLQKDDEADYYCCSYAGTLTWIFGTGTKLTVL,"garbinski2023_exp,garbinski2023_tm1",57.6,,,,,265.1,
QVQLVQSGPEVKKPGSSVKVSCKTSSGTYGTYSINWVRQAPGQGLEWMGAIIPIFGKTNYHQKFQGRVTITADTSTNTAYMELTSLTSEDTAMYYCARVEDTALDHYFDYWGQGALVTVSS,QSSLTQPRSVSGSPGQVVTISCTGTSSQMGTYNYVSWYQQLPGKPPKLMIYGASTRDSGVPDRFSGSKSGNTASLTISGLQKDDEADYYCCSYAGTLTWVFGDGTKLTVL,"garbinski2023_exp,garbinski2023_tm1",50.2,,,,,87.43,
QVQLVQSGPEVKKPGSSVKVSCKTSSGTYGTYSINWVRQAPGQGLEWMGAIIPIFGKTRYHQKFQGRVTITADTSTNTAYMELTNLTSEDTAMYYCARVEDTALDHYFDYWGQGALVTVSS,QSSLTQPRSVSGSPGQVVTISCTGTSSQMGTFNYVSWYQQLPGKPPKLMIYGASTRDSGVPDRFSGSKSGNTAVLTISGLQKDDEADYYCCAYAGTLTWVFGEGTKLTVL,"garbinski2023_exp,garbinski2023_tm1",55.8,,,,,165.31,
QVQLVQSGPEVKKPGSSVKVSCKTSGGTYGTYSINWVRQAPGQGLEWMGAIIPIFGKTNYAQKFQGRVTITADTSTSTAYMELTSLTSEDTAMYYCARVEDTALDHYFDYWGQGALVTVSS,QSALTQPRSVSGSPGQSVTISCTGTSGSMGTYNYVSWYQQLPGKPPKLMIYYNSNRYSNVPDRFSGSKSGNTASLTISGLQKDDEADYYCCSYAGTLTWIFGTGTKLTVL,"garbinski2023_exp,garbinski2023_tm1",56.7,,,,,190.94,
VQLVEDGGGIVQPGRSLRLSCYARGFDFHHYAMHWVRQPPGDGLEWVAVISYDGEQTYYADSVKGRFSISRDNSKNTVYLQMNSLQPEDTALYYCARDRIVDDVYYYGMDVWGQGAMVIVDS,DVQLIQSPESLSARVGDKVTIYCQSSRDIHNYLNWYHQKPGRVPELLMHDAWNLEPGVPERFQGRGSGTDFTLTISHLQPEDTGIYYCQAYHNYGNLSFGQGTYVEIS,"garbinski2023_exp,garbinski2023_tm1",64.3,,,,,209.46,
VQLHTSGGGVVPPGRSLRLVCYASGFSFSHYAMHWVRQPPGDGLEWVAVISYDGENTYYHPSVHGRFSISRDNSKNVVYLQMNSLQPEDTALYYCARDRIVDDYYYYGMDVWGQGAMVIVSS,DIQLYQSPESLWARVGDRVTIYCQASQDIKKYLNWYHQKPGRVPELLMHDASNLETGVPERFQGRGSGTDFTLTIESLQPEDQGIYYCQQYDNLPPLTFGQGTQVRIK,"garbinski2023_exp,garbinski2023_tm1",64.1,,,,,243.93,
VQLVTSGGGVVQPGRSLRLVCYASGFSFSHYAMHWVRQPPGDGLEWVAVISYDGENTYYHPSVKGRFSISRDNSKNTVYLQMNSLQPEDTALYYCARDRIVDDYYYYGMDVWGQGAMVIVSS,DIQLYQSPESLSARVGDRVTIHCQASQDIKKYLNWYHQKPGKVPELLMHDASNLETGVPSRFQGRGSGTDFTLTIESLQPEDQGIYYCQQYDNLPPLTFGQGTYVQIK,garbinski2023_exp,,,,,,158.76,
VQLVTSGGGVVQPGRSLRLVCYASGFSFSHYAMHWVRQPPGKGLEWVAVISYDGENTYYHDSVKGRFSISRDNSKNTVYLQMNSLQPEDTALYYCARDRIVDDYYYYGMDVWGQGAMVIVSS,DIQLYQSPSSLSARVGDRVTITCQASQDIKKYLNWYHQKPGKVPELLMHDASNLETGVPSRFQGRGSGTDFTLTISSLQPEDQGTYYCQQYDNLPPLTFGQGTKVVIK,"garbinski2023_exp,garbinski2023_tm1",43.5,,,,,302.58,
VQLVESGGGVVQPGRSLRLSCYASGFSFSHYAMHWVRQPPGKGLEWVAVISYDGENTYYADSVKGRFSISRDNSKNTVELQMNSLRPEDTALYYCARDRIVDDYYYYGMDVWGQGAWVIVSS,DIQLYQSPSSLSASVGDRVTITCQASQDIKKYLNWYHQKPGKVPELLMHDASNLETGVPSRFQGRGSGTDFTLTISSLQPEDQGTYYCQQYDNLPPLTFGQGTKVVIK,"garbinski2023_exp,garbinski2023_tm1",60.5,,,,,347.97,
DVSLQQSDSTVRKPGSSVILSCKLDHGKYTTYSINWVRQGMGQGLEWMGAIIPIFGITRYHQKFDGRVTITADDSTNTAYMELTNLTSEDTAVYYCAVVEDEALDHYFDYWGQGTLVIVSS,QSSLQQPESVSGKPGQTVTISCTGDSEQIGTYNYVSWYQQYPGKAPKLLIYDVTRRPPGVPERFSGDHSGGTMSLTIRGLQKDDEAIYYCCAYTGTLLWVFGEGTKLTVL,"garbinski2023_exp,garbinski2023_tm1",55.1,,,,,175.28,
DVSLTQSDSDVRKPGSSVKLSCKTDHGKYGTYSINWVRQGMGQGLEWMGAIIPIFGKTNYHQKFQGRVTITADDSTNTAYMELTNLTSEDTAVYYCAVVEDTALDHYFDYWGQGTLVIVSS,QSSLQMPESVSGYPGQIVTISCTGDSDQLGTYNYVSWYQQLPGKAPKLLIYDVTRRPPGVPDRFSGDFSGHTMVLTISNLQKDDEAIYYCCSYTGTLTWVFGEGTKLTVL,"garbinski2023_exp,garbinski2023_tm1",52.9,,,,,136.13,
DVSLTQSDSDVRKPGSSVKLSCKTSDGTYGTYSINWVRQGTGQGLEWMGAIIPIFGKTNYHQKFQGRVTITADDSTRTAYMELTSLTSEDTAVYYCAVVQDTALDHYFDYWGQGTLVIVSS,QSSLTMPESVSGYPGQSVTISCTGDSSQLGTYNYVSWYQQLPGKAPKLLIYDVTRRPPGVPDRFSGDFSGNTMVLTISGLQKDDEAIYYCCSYTGTLTWVFGEGTKLTVL,"garbinski2023_exp,garbinski2023_tm1",52.3,,,,,156.94,
QVQLQQSDSDVKKPGSSVKLSCKTSSGKYTTYSINWVRQGPGQGLEWMGAIIPIFGKTNYAQKFQGRVTITADDSTNTAYMILTNLTSEDTAVYYCARVEDTALDHYFDYWGQGTLVTVSS,QSALTQPRSVSGSPGQSVTISCTGDSEDLGTYNYVSWYQQLPGKAPKLLIYDVTRRPPGVPDRFSGSHSGNTASLTISGLQKDDEAIYYCCSYVGTLTWVFGSGTKLTVL,"garbinski2023_exp,garbinski2023_tm1",48.2,,,,,166.71,
DVSLTQSDSDVKKPGGSVIISCSLHGGTYGTYSINWVRQGMGQGLEWMGAIIPIFGKTRYHKKFHGRVIITADDSNNTAYLHLTNLTEEDTAVYYCARVEDTALDHYFDYWGEGTLIIVSS,QSSLTQPESVSGKPGQTVTISCTGTSGDVGTYNYVSWYQQYPGHAPQLLIYDVTRRPSGVPSRFSGDHSGNIMSLTITNLQKDDEAIYYCCSYAGTLTWVFGNGTKLTVL,"garbinski2023_exp,garbinski2023_tm1",54.3,,,,,189.05,
DVSLTQSDSDVRKPGGSVIISCQLNGGTYGTYSINWVRQGTGQGLEWMGAIIPIFGKTRYHKKFRGRVTITADDSKNTAYIHLTNLTSEDTAHYYCAVVEDTALDHYFDYWGQGTLVIVSS,QSSLWQPRSVSGKPGQTVTITCTGTSGDVGTYNYVSWYRQYPGRAPQLLIYDVTRRPSGVPERFTGDHSGNTMVLIIRGLQETDEAIYYCCSYAGTLTWVFGNGTKLTVL,"garbinski2023_exp,garbinski2023_tm1",53.4,,,,,141.46,
DVSLTQSDSDVRKPGGSVIISCQLNGGTYGTYSINWVRQGMGQGLEWMGAIIPIFGKTRYHQKFQGRVTITADDSKNTAYIHLTNLTSEDTAVYYCAVVEDTALDHYFDYWGQGTLVIVSS,QSSLTQPRSVSGFPGQTVTITCTGTSGDVGTYNYVSWYYQLPGHAPKLLIYDVTRRPSGVPERFTGDHSGNTMVLIIRGLQETDEAIYYCCSYAGTLTWVFGNGTKLTVL,"garbinski2023_exp,garbinski2023_tm1",50.5,,,,,107.75,
DVSLTQSDSDVRKPGSSVKLSCKTDGGTYGTYSINWVRQGMGQGLEWMGAIIPIFGKTNYHQKFQGRVTITADDSTNTAYMELTNLTSEDTAVYYCAVVEDTALDHYFDYWGQGTLVIVSS,QSSLQMPESVSGYPGQTVTISCTGTSGDVGTYNYVSWYQQLPGKAPKLLIYDVTRRPSGVPERFSGDHSGGTMVLTIEGLQEDDEAIYYCCSYAGTLTWVFGEGTKLTVL,"garbinski2023_exp,garbinski2023_tm1",62.9,,,,,98.18,
DVSLQQSDSDVKKPGSSVILSCKLSGGTYGTYSINWVRQGPGQGLEWMGAIIPIFGKTNYHQKFQGRVTITADDSTNTAYLILTNLTSEDTAVYYCAVVEDTALDHYFDYWGQGTLVTVSS,QSSLTQPRSVSGSPGQSVTISCTGTSGDVGTYNYVSWYQQLPGKAPKLLIYDVTRRPSGVPDRFSGDFSGNTMVLTINGLQKDDEAIYYCCSYAGTLTWVFGEGTKLTVL,"garbinski2023_exp,garbinski2023_tm1",52.4,,,,,97.58,
QVQLVQSDSRVKKPGDSVIVSCQFRGGPLRNYIINWLRQPPGHGPEWIGGIIPHLGTVHYAPKFQGRVIITADERTDIAYIHLISLREEDTAVYYCATETALIVSTTYLPHYFDNWGQGTLIIVSS,DIQLTQSPESLSARVGDIVTIWCQASTDIVNYLNWYQQKPGRAPQLLIYNTSFLDKGVPERFSASGSGTDFSLVIENLQPEDVAIYYCQQYDNLPLTFGSGTKVTIG,garbinski2023_exp,,,,,,180.89,
QVQLVQSDSRVKKPGDSVIVSCQFRGGPLRNYIINWLRQPPGRGPEWIGGIIPHLGTVHYAPQFQGRVTITADERTDIVYIHLISLREEDTAIYYCATETALIVSTTYLPHYFDNWGQGTLVIVSS,DIQLTQSPESLSAAVGDIVTIYCQASQDIVNYLNWYQQYPGYAPKLLIYNASFLDKGVPSRFSASGSGTDFSLTIENLQPEDVAIYYCQQYDNLPLTFGSGTVVQIG,garbinski2023_exp,,,,,,209.86,
QVQLVQSDSRVKKPGDSVIVSCQFRGGPLRNYIINWLRQPPGTGPEWIGGIIPHLGTVHYAPKFQGRVTITADERTDVVYIHLISLREEDTAVYYCATETALIVSTTYLPHYFDNWGQGTLVIVSS,DIQLTQSPSSLSARVGDRVTITCQASQDIVNYLNWYQQKPGKAPKLLIYNASFLEEGVPSRFSASGSGTDFSLTIEHLQPEDVAIYYCQQYDNLPLTFGSGTRVYIK,"garbinski2023_exp,garbinski2023_tm1",74.6,,,,,154.73,
QVQLVQSDSRVKKPGDSVIVSCQFSGGPLRNYIINWLRQPPGTGPEWMGGIIPMLGTVHYAPKFQGRVTITADERTDIVYIHLISLREEDTAVYYCATETALIVSTTYLPHYFDNWGQGTLVIVSS,DIQLTQSPSSLSAAVGDRVTITCQASQDIVNYLNWYQQYPGKPPKLLIYVASFLEKGVPSRFSASGSGTDFSLTIEHLQPEDVAIYYCQQYDNLPLTFGSGTRVQIK,"garbinski2023_exp,garbinski2023_tm1",74.8,,,,,158.29,
QVQLVQSDSDVKKPGDSVIISCQFSGGPLRNYIINWLRQPPGQGPEWMGGIIPHLGEVYYAPKFQGRVTITADERTDTVYIHLISLREEDTAVYYCATETALMVSTTYLPHYFDNWGQGTLVIVSS,DIQLTQSPSSLSAAVGDRVIIYCRASQDIVNYLNWYQQKPGHAPKLLIYVTYNLEKGVPSRFSGSGSGTDFSLTIEHLQPEDVAIYYCQQYDNLPLTFGQGTRVEIK,"garbinski2023_exp,garbinski2023_tm1",76.8,,,,,132.39,
QVQLVQSDSDVKKPGDSVIISCQFSGGPLRNYIINWLRQPPGTGPEWMGGIIPVLGTVHYAPKFQGRVTITADERTDVVYIILISLREEDTAVYYCATETALVVSTTYLPHYFDNWGQGTLIIVHS,DIQLTQSPSSLSAHVGDIVTIYCQASQDIVNYLNWYQQKPGKAPKLLIYVASNLETGVPERFSASGSGTDFSLTIENLQPEDVATYYCQQYDNLPLTFGQGTQVYIG,"garbinski2023_exp,garbinski2023_tm1",68.0,,,,,116.29,
QVQLVQSDSRVKKPGDSVIISCQFSGGPLRNYIINWLRQPPGTGPEWMGGIIPVLGTVHYAPKFQGRVTITADESRDIVYIHLISLREEDTAVYYCATETALVVSTTYLPHYFDNWGQGTLVIVHS,DIQLTQSPSSLSAHVGDIVTIYCQASQDIVNYLNWYQQKPGKAPKLLIYVASNLETGVPSRFSASGSGTDFSLTIENLQPEDVAIYYCQQYDNLPLTFGQGTRVEIG,"garbinski2023_exp,garbinski2023_tm1",70.2,,,,,211.8,
QVQLVQSDSRVKKPGDSVIVSCQFSGGPLRNYIINWLRQPPGTGPEWMGGIIPVLGTVHYAPKFQGRVTITADESRDIAYIHLISLREEDTAMYYCATETALVVSTTYLPHYFDNWGQGTLVIVHS,DIQLTQSPSSLSAAVGDRVTIYCQASQDIVNYLNWYQQKPGKAPKLLIYVASNLETGVPSRFSASGSGTDFSLTIEHLQPEDVAIYYCQQYDNLPLTFGQGTRVEIK,"garbinski2023_exp,garbinski2023_tm1",73.0,,,,,238.17,
QVTLQESGPDLVKPGQTLTLTCTFDGFSLSHPGMSVGWIRQPPGKSLEWLADIWWDDKKYYNPSLKDRLRIYKDESKNQVVLKVTNMDPSDTATYYCARSMIFNFYFDVWGQGMTVTVSS,DIQMTQYPSTLSASVGDRVTITCSASSSVGYMHWYQQKPGKAPKLLIYDTSKLASGVPSRFDGSGSGTEFTLTIKHLQPDDFATYYCFQASDYPFTFGEGTKVEIG,"garbinski2023_exp,garbinski2023_tm1",59.7,,,,,232.83,
QVTLQESGPDLVKPGQTLTLTCTFDGFSLSQAGMSVGWIRQPPGKSLEWLADIWWDDKKHYNPSLKDRLRISKDTSKNQVVLKVTNMDPKDTATYYCARSMIFNFYFDVWGQGTTVTVSS,DIQMTQFPSTLSASVGDRVTITCSASSEVGYMHWYQQKPGKAPKLLIYDTSKLASGVPSRFDGSGSGTEFTLTIKHLQPDDFATYYCFQGSHYPFTFGEGTKVEIG,"garbinski2023_exp,garbinski2023_tm1",60.3,,,,,189.93,
QVRLQESGPDLVKPGQTLTLTCFFDGFSLSTAGMSVGWIRQPPGDSLEWLADIWWDDKKFYNPSLKDRLRISKDESKNQVVLKVTNMDPHDTATYYCARDMIFNFYFDVWGQGMHVTVSS,DIQMTQYPSSLSASVGDRVTIHCSASSRVGYMHWYQQKPGKAPKLLIYDTSKLASGVPERFSGDGSGTEFTLTIKHLQPDDFAIYYCFQGSGYPFTFGEGTKVEIG,garbinski2023_exp,,,,,,167.74,
DVTLQESGPHLVKPGQTLVLTCTFDGFSLSTAGMSVGWIRQPPGKSLEWLADIWWDDKTFYNPSLKDNLRISKDDSKNQVVLKVTNMQPSDTATYYCARDMIFNFYFDVWGQGMFVTVSS,DIQLTQYPSTLSASVGDRVTITCSASSRVGYMHWYQQKPGKAPRLLIYDTSKLASGVPERFSGDGSGTIFTLHIKHLQPDDFATYYCFQGSGYPFTFGEGTKVEIG,"garbinski2023_exp,garbinski2023_tm1",35.2,,,,,71.64,
QVTLQESGPHLVKPGQTLTLTCYFDGFSLSTAGMSVGWIRQPPGKSLEWLADIWWDDKKYYNPSLKDRLRISKDESKNQVVLKVTNMDPQDTATYYCARDMIFNFYFDVWGQGMTVTVSS,DIQMTQFPSTLSASVGDRVTIHCSASSRVGYMHWYQQKPGKAPKLLIYDTSKLASGVPSRFDGSGSGTEFTLTIKHLQPDDFATYYCFQGSGYPFTFGEGTKVEIG,garbinski2023_exp,,,,,,68.29,
QVTLQESGPHLVKPGQTLTLTCTFWGFSLSTAGMSVGWIRQPPGKSLEWLADIWWDDKKHYNPSLKDRLRISKDTSKNQVVLKVTNMDPSDTATYYCARDMIFNFYFDVWGQGTTVTVSS,DIQMTQFPSTLSASVGDRVTITCSASSRVGYMHWYQQKPGKAPKLLIYDTSKLASGVPSRFDGSGSGTEFTLTIKHLQPDDFATYYCFQGSGYPFTFGEGTKVEIG,garbinski2023_exp,,,,,,77.78,
QVTLQESGPDLVKPGQTLTLTCTFDGFSLSTAGMSVGWIRQPPGKSLEWLADIWWDDKKHYNPSLKDRLRISKDTSKNQVVLKVTNMDPKDTATYYCARDMIFNFYFDVWGQGTTVTVSS,DIQMTQFPSTLSASVGDRVTITCSASSRVGYMHWYQQKPGKAPKLLIYDTSKLASGVPSRFDGSGSGTEFTLTIKHLQPDDFATYYCFQGSGYPFTFGEGTKVEIG,garbinski2023_exp,,,,,,99.71,
QVQLVQSDSRVKKPGDSVIISCQFSGGPLRNYIINWLRQPPGRGPEWIGGIIPHLGTVHYHPKFQGRVHITADERTDVVYIHITNLREEDTAVYYCATETALVVSSGYQPHYFDNWGQGTLVIVHS,DIQLIQSPSSLRASVGDIVTIWCHASTDIHCYLNWYQQKPGKAPRLLIYNGYFLCKGVPSRFSGHGSGTDFSLHIENLQPEDVAIYYCAVQDFPHQFGQGTLVEIK,garbinski2023_exp,,,,,,109.03,
QVQLVQSDARVKKPGDSVIISCQFSGGPLRNYIINWLRQPPGTGPEWMGGIIPHLGTVHYHPKFQGRVIITADESRDIAYIHITNLREEDTAVYYCATETALVVSSGYQPHYFDNWGQGTLVIVSS,DIQLIQSPSSLSASVGDRVTIWCHASTDIHCYLNWYQQYPGKPPRLLIYNGYFLCEGVPSRFSGYGSGTDFSLVIENLQPEDVAIYYCAVQDFPHQFGQGTKVTIK,"garbinski2023_exp,garbinski2023_tm1",57.4,,,,,145.79,
DVSLTQSDSCVRKPGGSVVISCKLNDGHYTTYSINWVRQGMGQGLEWMGAIIPIFGKTRYHQKFDGRVTITADSSKNTAYMYLTNLTSEDTAVYYCAIVEDQALDHYFDYWGQGTLVIVSS,QSSLQQPESVSGKPGQTVTISCRGTSNTIGTYNYVSWYQQYPGRAPQLLIYNVSIRDRGVPERFSGSCSGNTASLTIRGLQKDDEAIYYCCVYTGDLLWVFGEGTKLTVL,"garbinski2023_exp,garbinski2023_tm1",55.2,,,,,134.55,
VQLVESGGGVVQPGRSLRLSCAASGFSFSHYAMHWVRQAPGKGLEWVAVISYDGENTYYADSVKGRFSISRDNSKNTVSLQMNSLRPEDTALYYCARDRIVDDYYYYGMDVWGQGATVTVSS,DIQMTQSPSSLSASVGDRVTITCQASQDIKKYLNWYHQKPGKVPELLMHDASNLETGVPSRFSGRGSGTDFTLTISSLQPEDIGTYYCQQYDNLPPLTFGGGTKVEIK,"garbinski2023_exp,garbinski2023_tm1",55.4,,,,,373.75,
QVQLVQSGAEVKKPGSSVMVSCQASGGPLRNYIINWLRQAPGQGPEWMGGIIPVLGTVHYAPKFQGRVTITADESTDTAYIHLISLRSEDTAMYYCATETALVVSTTYLPHYFDNWGQGTLVTVSS,DIQMTQSPSSLSAAVGDRVTITCQASQDIVNYLNWYQQKPGKAPKLLIYVASNLETGVPSRFSGSGSGTDFSLTISSLQPEDVATYYCQQYDNLPLTFGGGTKVEIK,"garbinski2023_exp,garbinski2023_tm1",74.0,,,,,317.56,
QVTLRESGPALVKPTQTLTLTCTFSGFSLSTAGMSVGWIRQPPGKALEWLADIWWDDKKHYNPSLKDRLTISKDTSKNQVVLKVTNMDPADTATYYCARDMIFNFYFDVWGQGTTVTVSS,DIQMTQSPSTLSASVGDRVTITCSASSRVGYMHWYQQKPGKAPKLLIYDTSKLASGVPSRFSGSGSGTEFTLTISSLQPDDFATYYCFQGSGYPFTFGGGTKVEIK,"garbinski2023_tm1,garbinski2023_exp,jain2017biophysical_PSR,jain2017biophysical_SMACRT,jain2017biophysical_ACSINS,jain2017biophysical_HEK,jain2017biophyscial_HICRT,jain2017biophysical_SAS,jain2017biophysical_Tm",86.0,9.7,2.5,0.0,0.04,133.6,8.8
QVQLVQSGAEVKKPGSSVKVSCKTSGGTYGTYSINWVRQAPGQGLEWMGAIIPIFGKTNYAQKFQGRVTITADASTSTAYMELGSLTSEDTAMYYCARVEDTALDHYFDYWGQGALVTVSS,QSALTQPRSVSGSPGQSVTISCTGTSGDVGTYNYVSWYQQLPGKAPKLMIYDVTRRPSGVPDRFSGSKSGNTASLTISGLQADDEADYYCCSYAGTLTWVFGGGTKLTVL,"garbinski2023_exp,garbinski2023_tm1",50.3,,,,,358.86,
QVQLQQSGGELAKPGASVKVSCKASGYTFSSFWMHWVRQAPGQGLEWIGYINPRSGYTEYNEIFRDKATMTTDTSTSTAYMELSSLRSEDTAVYYCASFLGRGAMDYWGQGTTVTVSS,DIQMTQSPSSLSASVGDRVTITCRASQDISNYLAWYQQKPGKAPKLLIYYTSKIHSGVPSRFSGSGSGTDYTFTISSLQPEDIATYYCQQGNTFPYTFGQGTKVEIK,"jain2017biophysical_PSR,jain2017biophysical_SMACRT,jain2017biophysical_ACSINS,jain2017biophysical_HEK,jain2017biophyscial_HICRT,jain2017biophysical_SAS,jain2017biophysical_Tm",75.5,9.2,1.5,0.17,0.06,89.6,8.7
QVQLVQSGAEVKKPGASVKVSCKVSGYTLSDLSIHWVRQAPGKGLEWMGGFDPQDGETIYAQKFQGRVTMTEDTSTDTAYMELSSLKSEDTAVYYCATGSSSSWFDPWGQGTLVTVSS,DIQMTQSPSSVSASVGDRVTITCRASQGISSWLAWYQQKPGKAPKLLIYGASNLESGVPSRFSGSGSGTDFTLTISSLQPEDFANYYCQQANSFPWTFGQGTKVEIK,"jain2017biophysical_PSR,jain2017biophysical_SMACRT,jain2017biophysical_ACSINS,jain2017biophysical_HEK,jain2017biophyscial_HICRT,jain2017biophysical_SAS,jain2017biophysical_Tm",71.0,9.4,-0.9,0.0,0.03,100.2,8.7
EVQLVESGGGLVQPGRSLRLSCAASGFTFDDYAMHWVRQAPGKGLEWVSAITWNSGHIDYADSVEGRFTISRDNAKNSLYLQMNSLRAEDTAVYYCAKVSYLSTASSLDYWGQGTLVTVSS,DIQMTQSPSSLSASVGDRVTITCRASQGIRNYLAWYQQKPGKAPKLLIYAASTLQSGVPSRFSGSGSGTDFTLTISSLQPEDVATYYCQRYNRAPYTFGQGTKVEIK,"jain2017biophysical_PSR,jain2017biophysical_SMACRT,jain2017biophysical_ACSINS,jain2017biophysical_HEK,jain2017biophyscial_HICRT,jain2017biophysical_SAS,jain2017biophysical_Tm",71.0,8.8,1.1,0.0,0.05,134.9,8.7
QVQLQESGPGLVRPSQTLSLTCTVSGFTFTDFYMNWVRQPPGRGLEWIGFIRDKAKGYTTEYNPSVKGRVTMLVDTSKNQFSLRLSSVTAADTAVYYCAREGHTAAPFDYWGQGSLVTVSS,DIQMTQSPSSLSASVGDRVTITCKASQNIDKYLNWYQQKPGKAPKLLIYNTNNLQTGVPSRFSGSGSGTDFTFTISSLQPEDIATYYCLQHISRPRTFGQGTKVEIK,"jain2017biophysical_PSR,jain2017biophysical_SMACRT,jain2017biophysical_ACSINS,jain2017biophysical_HEK,jain2017biophyscial_HICRT,jain2017biophysical_SAS,jain2017biophysical_Tm",74.5,8.8,-0.8,0.0,0.06,144.7,8.7
EVQLVESGGGLVQPGGSLRLSCAASGFTFNNYAMNWVRQAPGKGLDWVSTISGSGGTTNYADSVKGRFIISRDSSKHTLYLQMNSLRAEDTAVYYCAKDSNWGNFDLWGRGTLVTVSS,DIVMTQSPDSLAVSLGERATINCKSSQSVLYRSNNRNFLGWYQQKPGQPPNLLIYWASTRESGVPDRFSGSGSGTDFTLTISSLQAEDVAVYYCQQYYTTPYTFGQGTKLEIK,"jain2017biophysical_PSR,jain2017biophysical_SMACRT,jain2017biophysical_ACSINS,jain2017biophysical_HEK,jain2017biophyscial_HICRT,jain2017biophysical_SAS,jain2017biophysical_Tm",71.5,9.0,1.2,0.0,0.03,69.2,8.7
EVQLVQSGAEVKKPGESLKISCKGSGYIFTNYWIAWVRQMPGKGLESMGIIYPGDSDIRYSPSFQGQVTISADKSITTAYLQWSSLKASDTAMYYCARHDIEGFDYWGRGTLVTVSS,EIVLTQSPGTLSLSPGERATLSCRASQSVSSSFFAWYQQKPGQAPRLLIYGASSRATGIPDRLSGSGSGTDFTLTITRLEPEDFAVYYCQQYDSSAITFGQGTRLEIK,"jain2017biophysical_PSR,jain2017biophysical_SMACRT,jain2017biophysical_ACSINS,jain2017biophysical_HEK,jain2017biophyscial_HICRT,jain2017biophysical_SAS,jain2017biophysical_Tm",62.5,8.8,-0.6,0.0,0.07,82.0,8.6
EVQLVESGGGLVQPGGSLRLSCAASGFTFSDSWIHWVRQAPGKGLEWVAWISPYGGSTYYADSVKGRFTISADTSKNTAYLQMNSLRAEDTAVYYCARRHWPGGFDYWGQGTLVTVSS,DIQMTQSPSSLSASVGDRVTITCRASQDVSTAVAWYQQKPGKAPKLLIYSASFLYSGVPSRFSGSGSGTDFTLTISSLQPEDFATYYCQQYLYHPATFGQGTKVEIK,"jain2017biophysical_PSR,jain2017biophysical_SMACRT,jain2017biophysical_ACSINS,jain2017biophysical_HEK,jain2017biophyscial_HICRT,jain2017biophysical_SAS,jain2017biophysical_Tm",73.5,13.4,15.0,0.07,0.06,164.1,19.3
EVQLLESGGGLVQPGGSLRLSCAASGFTFSNYGMSWVRQAPGKGLEWVASIRSGGGRTYYSDNVKGRFTISRDNSKNTLYLQMNSLRAEDTAVYYCVRYDHYSGSSDYWGQGTLVTVSS,DVVMTQSPLSLPVTPGEPASISCKSSQSLLDSDGKTYLNWLLQKPGQSPQRLIYLVSKLDSGVPDRFSGSGSGTDFTLKISRVEAEDVGVYYCWQGTHFPRTFGQGTKVEIK,"jain2017biophysical_PSR,jain2017biophysical_SMACRT,jain2017biophysical_ACSINS,jain2017biophysical_HEK,jain2017biophyscial_HICRT,jain2017biophysical_SAS,jain2017biophysical_Tm",73.0,8.9,-0.7,0.0,0.07,151.1,8.7
QVQLQQSGTVLARPGASVKMSCKASGYSFTRYWMHWIKQRPGQGLEWIGAIYPGNSDTSYNQKFEGKAKLTAVTSASTAYMELSSLTHEDSAVYYCSRDYGYYFDFWGQGTTLTVSS,QIVSTQSPAIMSASPGEKVTMTCSASSSRSYMQWYQQKPGTSPKRWIYDTSKLASGVPARFSGSGSGTSYSLTISSMEAEDAATYYCHQRSSYTFGGGTKLEIK,"jain2017biophysical_PSR,jain2017biophysical_SMACRT,jain2017biophysical_ACSINS,jain2017biophysical_HEK,jain2017biophyscial_HICRT,jain2017biophysical_SAS,jain2017biophysical_Tm",60.5,9.6,28.8,0.4,0.05,107.5,8.6
EVQLQQSGPELEKPGASVKLSCKASGYSFTGYNMNWVKQSHGKSLEWIGHIDPYYGDTSYNQKFRGKATLTVDKSSSTAYMQLKSLTSEDSAVYYCVKGGYYGHWYFDVWGAGTTVTVSS,DIQMTQSPSSLSASLGERVSLTCRASQDIGSSLNWLQQGPDGTIKRLIYATSSLDSGVPKRFSGSRSGSDYSLTISSLESEDFVDYYCLQYVSSPPTFGAGTKLELK,"jain2017biophysical_PSR,jain2017biophysical_SMACRT,jain2017biophysical_ACSINS,jain2017biophysical_HEK,jain2017biophyscial_HICRT,jain2017biophysical_SAS,jain2017biophysical_Tm",59.5,11.5,29.9,0.56,0.04,45.1,12.7
QVQLQQSGAEVKKPGSSVRVSCKASGGTFNNNAINWVRQAPGQGLEWMGGIIPMFGTAKYSQNFQGRVAITADESTGTASMELSSLRSEDTAVYYCARSRDLLLFPHHALSPWGRGTMVTVSS,SSELTQDPAVSVALGQTVRVTCQGDSLRSYYASWYQQKPGQAPVLVIYGKNNRPSGIPDRFSGSSSGNTASLTITGAQAEDEADYYCSSRDSSGNHWVFGGGTELTVL,"jain2017biophysical_PSR,jain2017biophysical_SMACRT,jain2017biophysical_ACSINS,jain2017biophysical_HEK,jain2017biophyscial_HICRT,jain2017biophysical_SAS,jain2017biophysical_Tm",60.0,10.5,0.8,0.0,0.13,10.5,9.3
EVQLVQSGAEVKKPGASVKVSCKASGYTFTSYVIHWVRQRPGQGLAWMGYINPYNDGTKYNERFKGKVTITSDRSTSTVYMELSSLRSEDTAVYLCGREGIRYYGLLGDYWGQGTLVTVSS,DIQMTQSPSSLSASVGDRVTITCGTSEDIINYLNWYQQKPGKAPKLLIYHTSRLQSGVPSRFSGSGSGTDFTLTISSLQPEDFATYYCQQGYTLPYTFGQGTKVEIK,"jain2017biophysical_PSR,jain2017biophysical_SMACRT,jain2017biophysical_ACSINS,jain2017biophysical_HEK,jain2017biophyscial_HICRT,jain2017biophysical_SAS,jain2017biophysical_Tm",76.0,9.5,6.0,0.35,0.02,146.7,9.1
EVQLVESGGGLVQPGGSLRLSCAASGYTFTNYGMNWVRQAPGKGLEWVGWINTYTGEPTYAADFKRRFTFSLDTSKSTAYLQMNSLRAEDTAVYYCAKYPHYYGSSHWYFDVWGQGTLVTVSS,DIQMTQSPSSLSASVGDRVTITCSASQDISNYLNWYQQKPGKAPKVLIYFTSSLHSGVPSRFSGSGSGTDFTLTISSLQPEDFATYYCQQYSTVPWTFGQGTKVEIK,"jain2017biophysical_PSR,jain2017biophysical_SMACRT,jain2017biophysical_ACSINS,jain2017biophysical_HEK,jain2017biophyscial_HICRT,jain2017biophysical_SAS,jain2017biophysical_Tm",63.5,11.8,0.8,0.0,0.22,50.0,11.1
QVQLVQSGAEVKKPGASVKVSCKASGYTFTSSYINWVRQAPGQGLEWMGTINPVSGSTSYAQKFQGRVTMTRDTSISTAYMELSRLRSDDTAVYYCARGGWFDYWGQGTLVTVSS,QSALTQPASVSGSPGQSITISCTGTSSDVGSYNYVNWYQQHPGKAPKLMIYGVSKRPSGVSNRFSGSKSGNTASLTISGLQAEDEADYYCGTFAGGSYYGVFGGGTKLTVL,"jain2017biophysical_PSR,jain2017biophysical_SMACRT,jain2017biophysical_ACSINS,jain2017biophysical_HEK,jain2017biophyscial_HICRT,jain2017biophysical_SAS,jain2017biophysical_Tm",72.0,10.1,29.6,0.7,0.09,150.2,8.8
QVQLVQSGAEVKKPGASVKVSCKVSGFPIKDTFQHWVRQAPGKGLEWMGWSDPEIGDTEYASKFQGRVTMTEDTSTDTAYMELSSLRSEDTAVYYCATGDTTYKFDFWGQGTTVTVSS,DIQMTQSPSSLSASVGDRVTITCKASQDVHTAVAWYQQKPGKAPKLLIYWASTRWTGVPSRFSGSGSGTDFTLTISSLQPEDFATYYCQQYSDYPWTFGGGTKVEIK,"jain2017biophysical_PSR,jain2017biophysical_SMACRT,jain2017biophysical_ACSINS,jain2017biophysical_HEK,jain2017biophyscial_HICRT,jain2017biophysical_SAS,jain2017biophysical_Tm",70.5,9.2,11.5,0.21,0.13,120.0,8.6
QVQLVQSGAEVKKPGASVKVSCKASGYTFTSYYMHWVRQAPGQGLEWMGEISPFGGRTNYNEKFKSRVTMTRDTSTSTVYMELSSLRSEDTAVYYCARERPLYASDLWGQGTTVTVSS,DIQMTQSPSSLSASVGDRVTITCRASQGISSALAWYQQKPGKAPKLLIYSASYRYTGVPSRFSGSGSGTDFTFTISSLQPEDIATYYCQQRYSLWRTFGQGTKLEIK,"jain2017biophysical_PSR,jain2017biophysical_SMACRT,jain2017biophysical_ACSINS,jain2017biophysical_HEK,jain2017biophyscial_HICRT,jain2017biophysical_SAS,jain2017biophysical_Tm",67.0,10.2,29.6,0.76,0.07,95.8,9.1
QIQLQQSGPEVVKPGASVKISCKASGYTFTDYYITWVKQKPGQGLEWIGWIYPGSGNTKYNEKFKGKATLTVDTSSSTAFMQLSSLTSEDTAVYFCANYGNYWFAYWGQGTQVTVSA,DIVLTQSPASLAVSLGQRATISCKASQSVDFDGDSYMNWYQQKPGQPPKVLIYAASNLESGIPARFSGSGSGTDFTLNIHPVEEEDAATYYCQQSNEDPWTFGGGTKLEIK,"jain2017biophysical_PSR,jain2017biophysical_SMACRT,jain2017biophysical_ACSINS,jain2017biophysical_HEK,jain2017biophyscial_HICRT,jain2017biophysical_SAS,jain2017biophysical_Tm",72.0,10.5,-0.5,0.25,0.0,268.1,8.7
QVQLVESGGGVVQPGRSLRLSCAASGFTFSSYGMHWVRQAPGKGLEWVAFIRYDGSNKYYADSVKGRFTISRDNSKNTLYLQMNSLRAEDTAVYYCKTHGSHDNWGQGTMVTVSS,QSVLTQPPSVSGAPGQRVTISCSGSRSNIGSNTVKWYQQLPGTAPKLLIYYNDQRPSGVPDRFSGSKSGTSASLAITGLQAEDEADYYCQSYDRYTHPALLFGTGTKVTVL,"jain2017biophysical_PSR,jain2017biophysical_SMACRT,jain2017biophysical_ACSINS,jain2017biophysical_HEK,jain2017biophyscial_HICRT,jain2017biophysical_SAS,jain2017biophysical_Tm",71.5,9.4,29.6,0.56,0.11,122.0,8.7
QVQLVQSGAEVKKPGASVKVSCKASGYTFTRYGISWVRQAPGQGLEWMGWISTYSGNTNYAQKLQGRVTMTTDTSTSTAYMELRSLRSDDTAVYYCARRQLYFDYWGQGTLVTVSS,EIVMTQSPATLSVSPGERATLSCRASQSVSSNLAWFQQKPGQAPRPLIYDASTRATGVPARFSGSGSGTDFTLTISSLQSEDFAVYYCQQYDNWPLTFGGGTKVEIK,"jain2017biophysical_PSR,jain2017biophysical_SMACRT,jain2017biophysical_ACSINS,jain2017biophysical_HEK,jain2017biophyscial_HICRT,jain2017biophysical_SAS,jain2017biophysical_Tm",74.5,9.1,11.2,0.27,0.02,150.9,8.7
QVQLVESGGGVVQPGRSLRLSCAASGFTFSVYGMNWVRQAPGKGLEWVAIIWYDGDNQYYADSVKGRFTISRDNSKNTLYLQMNGLRAEDTAVYYCARDLRTGPFDYWGQGTLVTVSS,EIVLTQSPDFQSVTPKEKVTITCRASQSIGSSLHWYQQKPDQSPKLLIKYASQSFSGVPSRFSGSGSGTDFTLTINSLEAEDAAAYYCHQSSSLPFTFGPGTKVDIK,"jain2017biophysical_PSR,jain2017biophysical_SMACRT,jain2017biophysical_ACSINS,jain2017biophysical_HEK,jain2017biophyscial_HICRT,jain2017biophysical_SAS,jain2017biophysical_Tm",72.0,9.3,0.7,0.0,0.04,45.7,8.7
QVQLVQSGAEVKKPGSSVKVSCKASGGTFSSYGISWVRQAPGQGLEWMGGIIPIFGTANYAQKFQGRVTITADESTSTAYMELSSLRSEDTAVYYCARYDGIYGELDFWGQGTLVTVSS,EIVLTQSPATLSLSPGERATLSCRASQSVSDAYLAWYQQKPGQAPRLLIYDASSRATGVPARFSGSGSGTDFTLTISSLEPEDFAVYYCHQYIQLHSFTFGQGTKVEIK,"jain2017biophysical_PSR,jain2017biophysical_SMACRT,jain2017biophysical_ACSINS,jain2017biophysical_HEK,jain2017biophyscial_HICRT,jain2017biophysical_SAS,jain2017biophysical_Tm",69.5,11.2,-0.4,0.21,0.07,243.3,9.3
EVQLVESGGGLVQPGGSLRLSCAASGYVFTDYGMNWVRQAPGKGLEWMGWINTYIGEPIYADSVKGRFTFSLDTSKSTAYLQMNSLRAEDTAVYYCARGYRSYAMDYWGQGTLVTVSS,DIQMTQSPSSLSASVGDRVTITCKASQNVGTNVAWYQQKPGKAPKALIYSASFLYSGVPYRFSGSGSGTDFTLTISSLQPEDFATYYCQQYNIYPLTFGQGTKVEIK,"jain2017biophysical_PSR,jain2017biophysical_SMACRT,jain2017biophysical_ACSINS,jain2017biophysical_HEK,jain2017biophyscial_HICRT,jain2017biophysical_SAS,jain2017biophysical_Tm",81.5,11.5,0.2,0.0,0.04,186.7,10.8
QVQLKQSGPGLVQPSQSLSITCTVSGFSLTNYGVHWVRQSPGKGLEWLGVIWSGGNTDYNTPFTSRLSINKDNSKSQVFFKMNSLQSNDTAIYYCARALTYYDYEFAYWGQGTLVTVSA,DILLTQSPVILSVSPGERVSFSCRASQSIGTNIHWYQQRTNGSPRLLIKYASESISGIPSRFSGSGSGTDFTLSINSVESEDIADYYCQQNNNWPTTFGAGTKLELK,"jain2017biophysical_PSR,jain2017biophysical_SMACRT,jain2017biophysical_ACSINS,jain2017biophysical_HEK,jain2017biophyscial_HICRT,jain2017biophysical_SAS,jain2017biophysical_Tm",68.5,10.1,1.3,0.0,0.05,109.2,8.9
EVQLVQSGAEVKKPGSSVKVSCKASGGTFSSYAISWVRQAPGQGLEWMGGIIPIFGTANYAQKFQGRVTITADKSTSTAYMELSSLRSEDTAVYYCARAPLRFLEWSTQDHYYYYYMDVWGKGTTVTVSS,SSELTQDPAVSVALGQTVRITCQGDSLRSYYATWYQQKPGQAPILVIYGENKRPSGIPDRFSGSSSGNTASLTITGAQAEDEADYYCKSRDGSGQHLVFGGGTKLTVL,"jain2017biophysical_PSR,jain2017biophysical_SMACRT,jain2017biophysical_ACSINS,jain2017biophysical_HEK,jain2017biophyscial_HICRT,jain2017biophysical_SAS,jain2017biophysical_Tm",73.5,11.8,29.6,0.66,0.16,154.3,10.7
EVQLVESGGGLVQPGGSLRLSCAASGFSLSNYYVTWVRQAPGKGLEWVGIIYGSDETAYATSAIGRFTISRDNSKNTLYLQMNSLRAEDTAVYYCARDDSSDWDAKFNLWGQGTLVTVSS,AIQMTQSPSSLSASVGDRVTITCQASQSINNELSWYQQKPGKAPKLLIYRASTLASGVPSRFSGSGSGTDFTLTISSLQPDDFATYYCQQGYSLRNIDNAFGGGTKVEIK,"jain2017biophysical_PSR,jain2017biophysical_SMACRT,jain2017biophysical_ACSINS,jain2017biophysical_HEK,jain2017biophyscial_HICRT,jain2017biophysical_SAS,jain2017biophysical_Tm",69.5,9.6,0.9,0.0,0.05,113.5,8.9
QVQLVQSGAEVKKPGASVKVSCKASGYTFTDYEMHWVRQAPGQGLEWMGALDPKTGDTAYSQKFKGRVTLTADKSTSTAYMELSSLTSEDTAVYYCTRFYSYTYWGQGTLVTVSS,DVVMTQSPLSLPVTPGEPASISCRSSQSLVHSNRNTYLHWYLQKPGQSPQLLIYKVSNRFSGVPDRFSGSGSGTDFTLKISRVEAEDVGVYYCSQNTHVPPTFGQGTKLEIK,"jain2017biophysical_PSR,jain2017biophysical_SMACRT,jain2017biophysical_ACSINS,jain2017biophysical_HEK,jain2017biophyscial_HICRT,jain2017biophysical_SAS,jain2017biophysical_Tm",73.0,8.8,-0.3,0.15,0.26,66.3,8.6
EVQLVESGGGLVQPGGSLRLSCAASGFTFSSYGMSWVRQAPGKGLELVASINSNGGSTYYPDSVKGRFTISRDNAKNSLYLQMNSLRAEDTAVYYCASGDYWGQGTTVTVSS,DIVMTQSPLSLPVTPGEPASISCRSSQSLVYSNGDTYLHWYLQKPGQSPQLLIYKVSNRFSGVPDRFSGSGSGTDFTLKISRVEAEDVGVYYCSQSTHVPWTFGQGTKVEIK,"jain2017biophysical_PSR,jain2017biophysical_SMACRT,jain2017biophysical_ACSINS,jain2017biophysical_HEK,jain2017biophyscial_HICRT,jain2017biophysical_SAS,jain2017biophysical_Tm",72.0,10.0,6.4,0.1,0.05,149.3,8.7
EVQLVESGGGLVQPGGSLRLSCAASGYSFTGYYIHWVRQAPGKGLEWVARVIPNAGGTSYNQKFKGRFTLSVDNSKNTAYLQMNSLRAEDTAVYYCAREGIYWWGQGTLVTVSS,DIQMTQSPSSLSASVGDRVTITCRSSQSLVHSNGNTFLHWYQQKPGKAPKLLIYTVSNRFSGVPSRFSGSGSGTDFTLTISSLQPEDFATYFCSQTTHVPWTFGQGTKVEIK,"jain2017biophysical_PSR,jain2017biophysical_SMACRT,jain2017biophysical_ACSINS,jain2017biophysical_HEK,jain2017biophyscial_HICRT,jain2017biophysical_SAS,jain2017biophysical_Tm",68.0,8.5,0.0,0.0,0.0,128.5,8.6
QVQLVQSGAEVKKPGSSVKVSCKASGYTFTSYRMHWVRQAPGQGLEWIGYINPSTGYTEYNQKFKDKATITADESTNTAYMELSSLRSEDTAVYYCARGGGVFDYWGQGTLVTVSS,DIQMTQSPSTLSASVGDRVTITCSASSSISYMHWYQQKPGKAPKLLIYTTSNLASGVPARFSGSGSGTEFTLTISSLQPDDFATYYCHQRSTYPLTFGQGTKVEVK,"jain2017biophysical_PSR,jain2017biophysical_SMACRT,jain2017biophysical_ACSINS,jain2017biophysical_HEK,jain2017biophyscial_HICRT,jain2017biophysical_SAS,jain2017biophysical_Tm",74.0,9.3,-0.1,0.0,0.03,245.1,8.8
QVQLQESGPGLVKPSETLSLTCTVSGYSITGGYLWNWIRQPPGKGLEWIGYISYDGTNNYKPSLKDRVTISRDTSKNQFSLKLSSVTAADTAVYYCARYGRVFFDYWGQGTLVTVSS,DIVMTQSPLSLPVTPGEPASISCRSSQSIVHSNGNTYLQWYLQKPGQSPQLLIYKVSNRLYGVPDRFSGSGSGTDFTLKISRVEAEDVGVYYCFQGSHVPWTFGQGTKVEIK,"jain2017biophysical_PSR,jain2017biophysical_SMACRT,jain2017biophysical_ACSINS,jain2017biophysical_HEK,jain2017biophyscial_HICRT,jain2017biophysical_SAS,jain2017biophysical_Tm",77.0,9.9,13.7,0.4,0.15,82.4,8.7
EVQLLESGGGLVQPGGSLRLSCAVSGFTFNSFAMSWVRQAPGKGLEWVSAISGSGGGTYYADSVKGRFTISRDNSKNTLYLQMNSLRAEDTAVYFCAKDKILWFGEPVFDYWGQGTLVTVSS,EIVLTQSPATLSLSPGERATLSCRASQSVSSYLAWYQQKPGQAPRLLIYDASNRATGIPARFSGSGSGTDFTLTISSLEPEDFAVYYCQQRSNWPPTFGQGTKVEIK,"jain2017biophysical_PSR,jain2017biophysical_SMACRT,jain2017biophysical_ACSINS,jain2017biophysical_HEK,jain2017biophyscial_HICRT,jain2017biophysical_SAS,jain2017biophysical_Tm",71.0,9.5,1.8,0.0,0.06,233.3,8.9
EVQLLESGGGLVQPGGSLRLSCAASGFTFSSYAMSWVRQAPGKGLEWVSGITGSGGSTYYADSVKGRFTISRDNSKNTLYLQMNSLRAEDTAVYYCAKDPGTTVIMSWFDPWGQGTLVTVSS,EIVLTQSPGTLSLSPGERATLSCRASQSVRGRYLAWYQQKPGQAPRLLIYGASSRATGIPDRFSGSGSGTDFTLTISRLEPEDFAVFYCQQYGSSPRTFGQGTKVEIK,"jain2017biophysical_PSR,jain2017biophysical_SMACRT,jain2017biophysical_ACSINS,jain2017biophysical_HEK,jain2017biophyscial_HICRT,jain2017biophysical_SAS,jain2017biophysical_Tm",69.5,8.5,5.9,0.0,0.01,134.2,8.6
EVQLLQSGPELEKPGASVMISCKASGSSFTGYNMNWVRQNIGKSLEWIGAIDPYYGGTSYNQKFKGRATLTVDKSSSTAYMHLKSLTSEDSAVYYCVSGMEYWGQGTSVTVSS,EIVMTQSPATLSVSPGERATLSCRSSQSLVHRNGNTYLHWYLQKPGQSPKLLIHKVSNRFSGVPDRFSGSGSGTDFTLKISRVEAEDLGVYFCSQSTHVPPLTFGAGTKLELK,"jain2017biophysical_PSR,jain2017biophysical_SMACRT,jain2017biophysical_ACSINS,jain2017biophysical_HEK,jain2017biophyscial_HICRT,jain2017biophysical_SAS,jain2017biophysical_Tm",69.0,9.8,3.6,0.3,0.01,76.4,9.0
EVQLVQSGGGVERPGGSLRLSCAASGFTFDDYAMSWVRQAPGKGLEWVSGINWQGGSTGYADSVKGRVTISRDNAKNSLYLQMNSLRAEDTAVYYCAKILGAGRGWYFDYWGKGTTVTVSS,SELTQDPAVSVALGQTVRITCSGDSLRSYYASWYQQKPGQAPVLVIYGANNRPSGIPDRFSGSSSGNTASLTITGAQAEDEADYYCNSADSSGNHVVFGGGTKLTVL,"jain2017biophysical_PSR,jain2017biophysical_SMACRT,jain2017biophysical_ACSINS,jain2017biophysical_HEK,jain2017biophyscial_HICRT,jain2017biophysical_SAS,jain2017biophysical_Tm",63.0,9.3,29.6,0.0,0.03,22.1,8.7
EVQLVESGGGLVQPGGSLRLSCAASGFTLSGDWIHWVRQAPGKGLEWVGEISAAGGYTDYADSVKGRFTISADTSKNTAYLQMNSLRAEDTAVYYCARESRVSFEAAMDYWGQGTLVTVSS,DIQMTQSPSSLSASVGDRVTITCRASQNIATDVAWYQQKPGKAPKLLIYSASFLYSGVPSRFSGSGSGTDFTLTISSLQPEDFATYYCQQSEPEPYTFGQGTKVEIK,"jain2017biophysical_PSR,jain2017biophysical_SMACRT,jain2017biophysical_ACSINS,jain2017biophysical_HEK,jain2017biophyscial_HICRT,jain2017biophysical_SAS,jain2017biophysical_Tm",67.5,10.2,29.6,0.33,0.06,192.6,8.9
EVQLVESGGGLEQPGGSLRLSCAGSGFTFRDYAMTWVRQAPGKGLEWVSSISGSGGNTYYADSVKGRFTISRDNSKNTLYLQMNSLRAEDTAVYYCAKDRLSITIRPRYYGLDVWGQGTTVTVSS,DIVMTQSPLSLPVTPGEPASISCRSSQSLLYSIGYNYLDWYLQKSGQSPQLLIYLGSNRASGVPDRFSGSGSGTDFTLKISRVEAEDVGFYYCMQALQTPYTFGQGTKLEIK,"jain2017biophysical_PSR,jain2017biophysical_SMACRT,jain2017biophysical_ACSINS,jain2017biophysical_HEK,jain2017biophyscial_HICRT,jain2017biophysical_SAS,jain2017biophysical_Tm",76.5,10.2,10.8,0.15,0.03,163.5,9.0
QVQLVQSGAEVKKPGASVKVSCKASGYIFSNYWIQWVRQAPGQGLEWMGEILPGSGSTEYTENFKDRVTMTRDTSTSTVYMELSSLRSEDTAVYYCARYFFGSSPNWYFDVWGQGTLVTVSS,DIQMTQSPSSLSASVGDRVTITCGASENIYGALNWYQQKPGKAPKLLIYGATNLADGVPSRFSGSGSGTDFTLTISSLQPEDFATYYCQNVLNTPLTFGQGTKVEIK,"jain2017biophysical_PSR,jain2017biophysical_SMACRT,jain2017biophysical_ACSINS,jain2017biophysical_HEK,jain2017biophyscial_HICRT,jain2017biophysical_SAS,jain2017biophysical_Tm",66.0,10.4,0.0,0.0,0.01,226.5,9.3
EVQLVESGGGLVQPGGSLRLSCAASGYSFTGHWMNWVRQAPGKGLEWVGMIHPSDSETRYNQKFKDRFTISVDKSKNTLYLQMNSLRAEDTAVYYCARGIYFYGTTYFDYWGQGTLVTVSS,DIQMTQSPSSLSASVGDRVTITCRASKTISKYLAWYQQKPGKAPKLLIYSGSTLQSGVPSRFSGSGSGTDFTLTISSLQPEDFATYYCQQHNEYPLTFGQGTKVEIK,"jain2017biophysical_PSR,jain2017biophysical_SMACRT,jain2017biophysical_ACSINS,jain2017biophysical_HEK,jain2017biophyscial_HICRT,jain2017biophysical_SAS,jain2017biophysical_Tm",72.5,8.7,0.7,0.0,0.0,167.0,8.6
QMQLVESGGGVVQPGRSLRLSCTASGFTFSNNGMHWVRQAPGKGLEWVAVIWFDGMNKFYVDSVKGRFTISRDNSKNTLYLEMNSLRAEDTAIYYCAREGDGSGIYYYYGMDVWGQGTTVTVSS,EIVLTQSPGTLSLSPGERATLSCRASQSVSSSYLAWYQQKPGQAPRLLIYGASSRATGIPDRFSGSGSGTDFTLTISRLEPEDFAVYYCQQYGSSPIFTFGPGTKVDIK,"jain2017biophysical_PSR,jain2017biophysical_SMACRT,jain2017biophysical_ACSINS,jain2017biophysical_HEK,jain2017biophyscial_HICRT,jain2017biophysical_SAS,jain2017biophysical_Tm",59.5,12.4,1.2,0.0,0.1,89.3,25.0
EVQLVESGGGLVQPGGSLRLSCAASGFDFSRYWMSWVRQAPGKGLEWIGEINPDSSTINYAPSLKDKFIISRDNAKNSLYLQMNSLRAEDTAVYYCARPDGNYWYFDVWGQGTLVTVSS,DIQMTQSPSSLSASVGDRVTITCKASQDVGIAVAWYQQKPGKVPKLLIYWASTRHTGVPDRFSGSGSGTDFTLTISSLQPEDVATYYCQQYSSYPYTFGQGTKVEIK,"jain2017biophysical_PSR,jain2017biophysical_SMACRT,jain2017biophysical_ACSINS,jain2017biophysical_HEK,jain2017biophyscial_HICRT,jain2017biophysical_SAS,jain2017biophysical_Tm",83.5,10.3,-0.2,0.0,0.0,213.2,9.3
QVQLVQSGAEVKKPGASVKVSCKASGYTFTDYYMHWVRQAPGQGLEWMGRVNPNRRGTTYNQKFEGRVTMTTDTSTSTAYMELRSLRSDDTAVYYCARANWLDYWGQGTTVTVSS,DIQMTQSPSSLSASVGDRVTITCSVSSSVSSIYLHWYQQKPGKAPKLLIYSTSNLASGVPSRFSGSGSGTDFTLTISSLQPEDFATYYCQVYSGYPLTFGGGTKVEIK,"jain2017biophysical_PSR,jain2017biophysical_SMACRT,jain2017biophysical_ACSINS,jain2017biophysical_HEK,jain2017biophyscial_HICRT,jain2017biophysical_SAS,jain2017biophysical_Tm",71.5,9.6,29.6,0.64,0.04,98.7,8.7
QVQLVQSGAEVKKPGSSVKVSCKASGGTFSYYWIEWVRQAPGQGLEWMGEILPGSGTTNPNEKFKGRVTITADESTSTAYMELSSLRSEDTAVYYCARADYYGSDYVKFDYWGQGTLVTVSS,DIQMTQSPSSLSASVGDRVTITCKASQHVITHVTWYQQKPGKAPKLLIYGTSYSYSGVPSRFSGSGSGTDFTLTISSLQPEDFATYYCQQFYEYPLTFGGGTKVEIK,"jain2017biophysical_PSR,jain2017biophysical_SMACRT,jain2017biophysical_ACSINS,jain2017biophysical_HEK,jain2017biophyscial_HICRT,jain2017biophysical_SAS,jain2017biophysical_Tm",68.0,12.9,1.5,0.13,0.09,239.8,10.9
QVQLVQSGAEVKKPGSSVKVSCKASGYTFTSYWLHWVRQAPGQGLEWIGYINPRNDYTEYNQNFKDKATITADESTNTAYMELSSLRSEDTAFYFCARRDITTFYWGQGTTVTVSS,DIQLTQSPSSLSASVGDRVTMSCKSSQSVLYSANHKNYLAWYQQKPGKAPKLLIYWASTRESGVPSRFSGSGSGTDFTFTISSLQPEDIATYYCHQYLSSWTFGGGTKLEIK,"jain2017biophysical_PSR,jain2017biophysical_SMACRT,jain2017biophysical_ACSINS,jain2017biophysical_HEK,jain2017biophyscial_HICRT,jain2017biophysical_SAS,jain2017biophysical_Tm",65.0,9.2,3.0,0.13,0.03,78.2,8.6
EVQLVESGGGLVQPGGSLRLSCAASGFFITNNYWGWVRQAPGKGLEWVGYISYSGSTSYNPSLKSRFTISRDTSKNTFYLQMNSLRAEDTAVYYCARTGSSGYFDFWGQGTLVTVSS,DIQMTQSPSSLSASVGDRVTITCRASESVDDLLHWYQQKPGKAPKLLIKYASQSISGVPSRFSGSGSGTDFTLTISSLQPEDFATYYCQQGNSLPNTFGQGTKVEIK,"jain2017biophysical_PSR,jain2017biophysical_SMACRT,jain2017biophysical_ACSINS,jain2017biophysical_HEK,jain2017biophyscial_HICRT,jain2017biophysical_SAS,jain2017biophysical_Tm",76.0,9.3,2.0,0.42,0.2,173.8,8.8
EVQLVQSGAEVKKPGASVKVSCKASGYTLTSYGISWVRQAPGQGLEWMGWVSFYNGNTNYAQKLQGRGTMTTDPSTSTAYMELRSLRSDDTAVYYCARGYGMDVWGQGTTVTVSS,ESALTQPASVSGSPGQSITISCTGTSSDVGGYNSVSWYQQHPGKAPKLMIYEVSNRPSGVSNRFSGSKSGNTASLTISGLQAEDEADYYCNSYTSTSMVFGGGTKLTVL,"jain2017biophysical_PSR,jain2017biophysical_SMACRT,jain2017biophysical_ACSINS,jain2017biophysical_HEK,jain2017biophyscial_HICRT,jain2017biophysical_SAS,jain2017biophysical_Tm",65.0,10.4,2.2,0.2,0.03,260.7,9.1
EVQLVESGGGVVQPGRSLRLSCSASGFTFSGYGLSWVRQAPGKGLEWVAMISSGGSYTYYADSVKGRFAISRDNAKNTLFLQMDSLRPEDTGVYFCARHGDDPAWFAYWGQGTPVTVSS,DIQLTQSPSSLSASVGDRVTITCSVSSSISSNNLHWYQQKPGKAPKPWIYGTSNLASGVPSRFSGSGSGTDYTFTISSLQPEDIATYYCQQWSSYPYMYTFGQGTKVEIK,"jain2017biophysical_PSR,jain2017biophysical_SMACRT,jain2017biophysical_ACSINS,jain2017biophysical_HEK,jain2017biophyscial_HICRT,jain2017biophysical_SAS,jain2017biophysical_Tm",75.5,9.5,-0.5,0.0,0.01,220.8,9.1
QVQLVQSGAEVKKPGASVKVSCKVSGFTLTELSIHWVRQAPGKGLEWMGGFDPEDGETIYAQKFQGRVTMTEDTSTDTAYMELTSLRSEDTAVYYCSTIFGVVTNFDNWGQGTLVTVSS,DIQMTQSPSSLSASAGDRVTITCRASQAIRNDLGWYQQKPGKAPKRLIYAAFNLQSGVPSRFSGSGSGTEFTLTISSLQPEDLASYYCQQYNRYPWTFGQGTKVEIK,"jain2017biophysical_PSR,jain2017biophysical_SMACRT,jain2017biophysical_ACSINS,jain2017biophysical_HEK,jain2017biophyscial_HICRT,jain2017biophysical_SAS,jain2017biophysical_Tm",71.0,10.0,-0.7,0.0,0.07,110.4,8.7
QVQLVQSGAEVKKPGASVKVSCKASGYTFTNYYMHWVRQAPGQGLEWVGWINPYTGSAFYAQKFRGRVTMTRDTSISTAYMELSRLRSDDTAVYYCAREPEKFDSDDSDVWGRGTLVTVSS,QAVLTQPPSVSGAPGQRVTISCTGSSSNIGAGYGVHWYQQLPGTAPKLLIYGDSNRPSGVPDRFSGSKSGTSASLAITGLQAEDEADYYCQSYDNSLSGYVFGGGTQLTVL,"jain2017biophysical_PSR,jain2017biophysical_SMACRT,jain2017biophysical_ACSINS,jain2017biophysical_HEK,jain2017biophyscial_HICRT,jain2017biophysical_SAS,jain2017biophysical_Tm",69.0,11.8,2.5,0.26,0.07,141.5,13.7
QVQLVQPGAEVKKPGTSVKLSCKASGYTFTTYWMHWVRQAPGQGLEWIGEINPTNGHTNYNQKFQGRATLTVDKSTSTAYMELSSLRSEDTAVYYCARNYVGSIFDYWGQGTLLTVSS,DIVMTQSPDSLAMSLGERVTLNCKASENVVSYVSWYQQKPGQSPKLLIYGASNRESGVPDRFSGSGSATDFTLTISSVQAEDVADYHCGQSYNYPYTFGQGTKLEIK,"jain2017biophysical_PSR,jain2017biophysical_SMACRT,jain2017biophysical_ACSINS,jain2017biophysical_HEK,jain2017biophyscial_HICRT,jain2017biophysical_SAS,jain2017biophysical_Tm",75.0,9.4,-0.9,0.0,0.05,249.0,8.9
EVQLLESGGGLVQPGGSLRLSCTASGFTFSSYAMNWVRQAPGKGLEWVSAISGSGGTTFYADSVKGRFTISRDNSRTTLYLQMNSLRAEDTAVYYCAKDLGWSDSYYYYYGMDVWGQGTTVTVSS,DIQMTQFPSSLSASVGDRVTITCRASQGIRNDLGWYQQKPGKAPKRLIYAASRLHRGVPSRFSGSGSGTEFTLTISSLQPEDFATYYCLQHNSYPCSFGQGTKLEIK,"jain2017biophysical_PSR,jain2017biophysical_SMACRT,jain2017biophysical_ACSINS,jain2017biophysical_HEK,jain2017biophyscial_HICRT,jain2017biophysical_SAS,jain2017biophysical_Tm",66.5,10.7,29.6,0.38,0.06,119.9,9.9
QVQLVQSGAEVKRPGASVKVSCKASGYTFTNDIIHWVRQAPGQRLEWMGWINAGYGNTQYSQNFQDRVSITRDTSASTAYMELISLRSEDTAVYYCAREPLWFGESSPHDYYGMDVWGQGTTVTVSS,AIQLTQSPSSLSASVGDRVTITCRASQGISSALAWYQQKPGKAPKLLIYDASSLESGVPSRFSGSGSGTDFTLTISSLQPEDFATYYCQQFNSYPLTFGGGTKVEIK,"jain2017biophysical_PSR,jain2017biophysical_SMACRT,jain2017biophysical_ACSINS,jain2017biophysical_HEK,jain2017biophyscial_HICRT,jain2017biophysical_SAS,jain2017biophysical_Tm",71.5,11.0,-0.1,0.0,0.02,220.4,9.1
QVQLVESGGGVVQPGRSLRLSCAASGFKFSGYGMHWVRQAPGKGLEWVAVIWYDGSKKYYVDSVKGRFTISRDNSKNTLYLQMNSLRAEDTAVYYCARQMGYWHFDLWGRGTLVTVSS,EIVLTQSPATLSLSPGERATLSCRASQSVSSYLAWYQQKPGQAPRLLIYDASNRATGIPARFSGSGSGTDFTLTISSLEPEDFAVYYCQQRSNWPPLTFGGGTKVEIK,"jain2017biophysical_PSR,jain2017biophysical_SMACRT,jain2017biophysical_ACSINS,jain2017biophysical_HEK,jain2017biophyscial_HICRT,jain2017biophysical_SAS,jain2017biophysical_Tm",66.0,9.8,28.1,0.37,0.04,174.4,8.6
QVQLVQSGAEVKKPGSSVKVSCKASGYTFSSNVISWVRQAPGQGLEWMGGVIPIVDIANYAQRFKGRVTITADESTSTTYMELSSLRSEDTAVYYCASTLGLVLDAMDYWGQGTLVTVSS,ETVLTQSPGTLSLSPGERATLSCRASQSLGSSYLAWYQQKPGQAPRLLIYGASSRAPGIPDRFSGSGSGTDFTLTISRLEPEDFAVYYCQQYADSPITFGQGTRLEIK,"jain2017biophysical_PSR,jain2017biophysical_SMACRT,jain2017biophysical_ACSINS,jain2017biophysical_HEK,jain2017biophyscial_HICRT,jain2017biophysical_SAS,jain2017biophysical_Tm",74.0,10.9,-0.5,0.0,0.06,166.0,9.1
EVQLVESGGGLVQPGGSLRLSCAASGFTLRSYSMNWVRQAPGKGLEWVSYISRSSHTIFYADSVKGRFTISRDNAKNSLYLQMDSLRDEDTAMYYCARVYSSGWHVSDYFDYWGQGILVTVSS,AIQLTQSPSSLSASVGDRVTITCRASQGISSALAWYQQKPGKAPKLLIYDASSLESGVPSRFSGSGSGTDFTLTISSLQPEDFATYYCQQFNSYPLTFGGGTKVEIK,"jain2017biophysical_PSR,jain2017biophysical_SMACRT,jain2017biophysical_ACSINS,jain2017biophysical_HEK,jain2017biophyscial_HICRT,jain2017biophysical_SAS,jain2017biophysical_Tm",68.5,9.3,11.6,0.19,0.07,142.0,9.3
QVQLQESGPGLVKPSETLSLTCAVSGGSISGGYGWGWIRQPPGKGLEWIGSFYSSSGNTYYNPSLKSQVTISTDTSKNQFSLKLNSMTAADTAVYYCVRDRLFSVVGMVYNNWFDVWGPGVLVTVSS,ESALTQPPSVSGAPGQKVTISCTGSTSNIGGYDLHWYQQLPGTAPKLLIYDINKRPSGISDRFSGSKSGTAASLAITGLQTEDEADYYCQSYDSSLNAQVFGGGTRLTVL,"jain2017biophysical_PSR,jain2017biophysical_SMACRT,jain2017biophysical_ACSINS,jain2017biophysical_HEK,jain2017biophyscial_HICRT,jain2017biophysical_SAS,jain2017biophysical_Tm",67.5,12.2,1.1,0.0,0.03,174.1,14.8
QVQLQESGPGLVKPSGTLSLTCAVSGGSISSSNWWSWVRQPPGKGLEWIGEIYHSGSTNYNPSLKSRVTISVDKSKNQFSLKLSSVTAADTAVYYCARWTGRTDAFDIWGQGTMVTVSS,DVVMTQSPLSLPVTPGEPASISCRSSQSLLHSNGYNYLDWYLQKPGQSPQLLIYLGSNRASGVPDRFSGSGSGTDFTLKISRVEAEDVGVYYCMQGTHWPLTFGQGTKVEIK,"jain2017biophysical_PSR,jain2017biophysical_SMACRT,jain2017biophysical_ACSINS,jain2017biophysical_HEK,jain2017biophyscial_HICRT,jain2017biophysical_SAS,jain2017biophysical_Tm",78.5,9.3,4.8,0.55,0.01,229.4,8.8
QVELVESGGGLVQPGGSLRLSCAASGFTFSSYAMSWVRQAPGKGLEWVSAINASGTRTYYADSVKGRFTISRDNSKNTLYLQMNSLRAEDTAVYYCARGKGNTHKPYGYVRYFDVWGQGTLVTVSS,DIVLTQSPATLSLSPGERATLSCRASQSVSSSYLAWYQQKPGQAPRLLIYGASSRATGVPARFSGSGSGTDFTLTISSLEPEDFATYYCLQIYNMPITFGQGTKVEIK,"jain2017biophysical_PSR,jain2017biophysical_SMACRT,jain2017biophysical_ACSINS,jain2017biophysical_HEK,jain2017biophyscial_HICRT,jain2017biophysical_SAS,jain2017biophysical_Tm",77.5,9.0,7.0,0.55,0.07,162.7,8.5
EVQLVQSGAEVKKPGSSVKVSCKASGYTITDSNIHWVRQAPGQSLEWIGYIYPYNGGTDYNQKFKNRATLTVDNPTNTAYMELSSLRSEDTAFYYCVNGNPWLAYWGQGTLVTVSS,DIQLTQSPSTLSASVGDRVTITCRASESLDNYGIRFLTWFQQKPGKAPKLLMYAASNQGSGVPSRFSGSGSGTEFTLTISSLQPDDFATYYCQQTKEVPWSFGQGTKVEVK,"jain2017biophysical_PSR,jain2017biophysical_SMACRT,jain2017biophysical_ACSINS,jain2017biophysical_HEK,jain2017biophyscial_HICRT,jain2017biophysical_SAS,jain2017biophysical_Tm",72.5,12.3,1.0,0.0,0.05,171.3,13.9
QVQLQESGPGLVKPSQTLSLTCSFSGFSLSTSGMGVGWIRQPSGKGLEWLAHIWWDGDESYNPSLKSRLTISKDTSKNQVSLKITSVTAADTAVYFCARNRYDPPWFVDWGQGTLVTVSS,DIQMTQSTSSLSASVGDRVTITCRASQDISNYLSWYQQKPGKAVKLLIYYTSKLHSGVPSRFSGSGSGTDYTLTISSLQQEDFATYFCLQGKMLPWTFGQGTKLEIK,"jain2017biophysical_PSR,jain2017biophysical_SMACRT,jain2017biophysical_ACSINS,jain2017biophysical_HEK,jain2017biophyscial_HICRT,jain2017biophysical_SAS,jain2017biophysical_Tm",71.5,8.8,-0.5,0.0,0.07,136.4,8.6
DVKLVESGGGLVKLGGSLKLSCAASGFTFSNYYMSWVRQTPEKRLELVAAINSDGGITYYLDTVKGRFTISRDNAKNTLYLQMSSLKSEDTALFYCARHRSGYFSMDYWGQGTSVTVSS,DIVMTQSQRFMSTTVGDRVSITCKASQNVVSAVAWYQQKPGQSPKLLIYSASNRYTGVPDRFTGSGSGTDFTLTISNMQSEDLADFFCQQYSNYPWTFGGGTKLEIK,"jain2017biophysical_PSR,jain2017biophysical_SMACRT,jain2017biophysical_ACSINS,jain2017biophysical_HEK,jain2017biophyscial_HICRT,jain2017biophysical_SAS,jain2017biophysical_Tm",63.0,9.1,-0.8,0.0,0.03,30.7,8.7
QVQLQESGPGLVKPSQTLSLTCTVSGGSISSFNYYWSWIRHHPGKGLEWIGYIYYSGSTYSNPSLKSRVTISVDTSKNQFSLTLSSVTAADTAVYYCARGYNWNYFDYWGQGTLVTVSS,EIVMTQSPATLSVSPGERATLSCRASQSVDNNLVWYQQKPGQAPRLLIYGASTRATGIPARFSGSGSGTEFTLTISSLQSEDFAVYYCQQYNNWPPWTFGQGTKVEIK,"jain2017biophysical_PSR,jain2017biophysical_SMACRT,jain2017biophysical_ACSINS,jain2017biophysical_HEK,jain2017biophyscial_HICRT,jain2017biophysical_SAS,jain2017biophysical_Tm",70.5,13.7,28.9,0.17,0.3,152.7,25.0
QVQLVESGGGVVQPGRSLRLSCAASGFIFSSYAMHWVRQAPGNGLEWVAFMSYDGSNKKYADSVKGRFTISRDNSKNTLYLQMNSLRAEDTAVYYCARDRGIAAGGNYYYYGMDVWGQGTTVTVSS,EIVLTQSPATLSLSPGERATLSCRASQSVYSYLAWYQQKPGQAPRLLIYDASNRATGIPARFSGSGSGTDFTLTISSLEPEDFAVYYCQQRSNWPPFTFGPGTKVDIK,"jain2017biophysical_PSR,jain2017biophysical_SMACRT,jain2017biophysical_ACSINS,jain2017biophysical_HEK,jain2017biophyscial_HICRT,jain2017biophysical_SAS,jain2017biophysical_Tm",70.0,11.4,23.0,0.23,0.06,163.2,12.7
EVQLVQSGAEVKKPGESLKISCKGSGYSFSNYWIGWVRQMPGKGLEWMGIIDPSNSYTRYSPSFQGQVTISADKSISTAYLQWSSLKASDTAMYYCARWYYKPFDVWGQGTLVTVSS,QSVLTQPPSVSGAPGQRVTISCTGSSSNIGSGYDVHWYQQLPGTAPKLLIYGNSKRPSGVPDRFSGSKSGTSASLAITGLQSEDEADYYCASWTDGLSLVVFGGGTKLTVL,"jain2017biophysical_PSR,jain2017biophysical_SMACRT,jain2017biophysical_ACSINS,jain2017biophysical_HEK,jain2017biophyscial_HICRT,jain2017biophysical_SAS,jain2017biophysical_Tm",69.5,11.4,3.4,0.47,0.19,167.3,9.2
QVQLQQSGPEVVKPGASVKMSCKASGYTFTSYVIHWVRQKPGQGLDWIGYINPYNDGTDYDEKFKGKATLTSDTSTSTAYMELSSLRSEDTAVYYCAREKDNYATGAWFAYWGQGTLVTVSS,DIVMTQSPDSLAVSLGERVTMNCKSSQSLLYSTNQKNYLAWYQQKPGQSPKLLIYWASTRESGVPDRFSGSGSGTDFTLTISSVQAEDVAVYYCQQYYSYRTFGGGTKLEIK,"jain2017biophysical_PSR,jain2017biophysical_SMACRT,jain2017biophysical_ACSINS,jain2017biophysical_HEK,jain2017biophyscial_HICRT,jain2017biophysical_SAS,jain2017biophysical_Tm",72.0,10.2,-0.3,0.0,0.04,133.3,9.8
QVQLVQSGAEVKKPGSSVKVSCKASGFTFTDYKIHWVRQAPGQGLEWMGYFNPNSGYSTYAQKFQGRVTITADKSTSTAYMELSSLRSEDTAVYYCARLSPGGYYVMDAWGQGTTVTVSS,DIQMTQSPSSLSASVGDRVTITCRASQGINNYLNWYQQKPGKAPKRLIYNTNNLQTGVPSRFSGSGSGTEFTLTISSLQPEDFATYYCLQHNSFPTFGQGTKLEIK,"jain2017biophysical_PSR,jain2017biophysical_SMACRT,jain2017biophysical_ACSINS,jain2017biophysical_HEK,jain2017biophyscial_HICRT,jain2017biophysical_SAS,jain2017biophysical_Tm",71.5,10.1,0.9,0.0,0.07,187.7,8.9
EVKLEESGGGLVQPGGSMKLSCVASGFIFSNHWMNWVRQSPEKGLEWVAEIRSKSINSATHYAESVKGRFTISRDDSKSAVYLQMTDLRTEDTGVYYCSRNYYGSTYDYWGQGTTLTVSS,DILLTQSPAILSVSPGERVSFSCRASQFVGSSIHWYQQRTNGSPRLLIKYASESMSGIPSRFSGSGSGTDFTLSINTVESEDIADYYCQQSHSWPFTFGSGTNLEVK,"jain2017biophysical_PSR,jain2017biophysical_SMACRT,jain2017biophysical_ACSINS,jain2017biophysical_HEK,jain2017biophyscial_HICRT,jain2017biophysical_SAS,jain2017biophysical_Tm",64.5,10.4,29.6,0.0,0.18,6.6,8.9
EVQLVQSGAEVKKPGASVKVSCKASGYRFTNYWIHWVRQAPGQGLEWIGGINPGNNYATYRRKFQGRVTMTADTSTSTVYMELSSLRSEDTAVYYCTREGYGNYGAWFAYWGQGTLVTVSS,DVQVTQSPSSLSASVGDRVTITCRSSQSLANSYGNTFLSWYLHKPGKAPQLLIYGISNRFSGVPDRFSGSGSGTDFTLTISSLQPEDFATYYCLQGTHQPYTFGQGTKVEIK,"jain2017biophysical_PSR,jain2017biophysical_SMACRT,jain2017biophysical_ACSINS,jain2017biophysical_HEK,jain2017biophyscial_HICRT,jain2017biophysical_SAS,jain2017biophysical_Tm",83.0,9.7,4.0,0.25,0.03,169.8,9.1
QVQLVESGGGVVQPGRSLRLSCAASGFTFSSYTMHWVRQAPGKGLEWVTFISYDGNNKYYADSVKGRFTISRDNSKNTLYLQMNSLRAEDTAIYYCARTGWLGPFDYWGQGTLVTVSS,EIVLTQSPGTLSLSPGERATLSCRASQSVGSSYLAWYQQKPGQAPRLLIYGAFSRATGIPDRFSGSGSGTDFTLTISRLEPEDFAVYYCQQYGSSPWTFGQGTKVEIK,"jain2017biophysical_PSR,jain2017biophysical_SMACRT,jain2017biophysical_ACSINS,jain2017biophysical_HEK,jain2017biophyscial_HICRT,jain2017biophysical_SAS,jain2017biophysical_Tm",73.0,11.6,10.4,0.23,0.04,169.6,13.0
QVQLVQSGAEVKKPGSSVKVSCKASGYSFTDYHIHWVRQAPGQGLEWMGVINPMYGTTDYNQRFKGRVTITADESTSTAYMELSSLRSEDTAVYYCARYDYFTGTGVYWGQGTLVTVSS,DIVMTQTPLSLSVTPGQPASISCRSSRSLVHSRGNTYLHWYLQKPGQSPQLLIYKVSNRFIGVPDRFSGSGSGTDFTLKISRVEAEDVGVYYCSQSTHLPFTFGQGTKLEIK,"jain2017biophysical_PSR,jain2017biophysical_SMACRT,jain2017biophysical_ACSINS,jain2017biophysical_HEK,jain2017biophyscial_HICRT,jain2017biophysical_SAS,jain2017biophysical_Tm",83.0,10.9,20.0,0.81,0.16,97.3,9.1
EVQLVQSGPELKKPGASVKVSCKASGYTFTNYGMNWVRQAPGQGLEWMGWINTYTGETTYADDFKGRFVFSLDTSVSTAYLQISSLKAEDTAVYYCEREGGVNNWGQGTLVTVSS,DIQVTQSPSSLSASVGDRVTITCITSTDIDDDMNWYQQKPGKVPKLLISGGNTLRPGVPSRFSGSGSGTDFTLTISSLQPEDVATYYCLQSDSLPYTFGQGTKVEIK,"jain2017biophysical_PSR,jain2017biophysical_SMACRT,jain2017biophysical_ACSINS,jain2017biophysical_HEK,jain2017biophyscial_HICRT,jain2017biophysical_SAS,jain2017biophysical_Tm",67.0,9.3,0.5,0.0,0.09,187.1,8.8
QVTLRESGPALVKPTQTLTLTCTVSGFSLSAYSVNWIRQPPGKALEWLAMIWGDGKIVYNSALKSRLTISKDTSKNQVVLTMTNMDPVDTATYYCAGDGYYPYAMDNWGQGSLVTVSS,DIVMTQSPDSLSVSLGERATINCRASKSVDSYGNSFMHWYQQKPGQPPKLLIYLASNLESGVPDRFSGSGSGTDFTLTISSLQAEDVAVYYCQQNNEDPRTFGGGTKVEIK,"jain2017biophysical_PSR,jain2017biophysical_SMACRT,jain2017biophysical_ACSINS,jain2017biophysical_HEK,jain2017biophyscial_HICRT,jain2017biophysical_SAS,jain2017biophysical_Tm",66.0,12.4,0.3,0.0,0.0,61.6,15.7
QVQLVQSGAEVKKPGASVKVSCKASGYSFTNYYIHWVRQAPGQRLEWMGWINAGNGNTKYSQKFQGRVTITRDTSASTAYMELSSLRSEDTAVYYCVRRQRFPYYFDYWGQGTLVTVSS,EIVLTQSPATLSVSPGERATLSCRASQSVGTNVAWYQQKPGQAPRVLIYSTSSRATGITDRFSGSGSGTDFTLTISRLEPEDFAVYYCQQFNKSPLTFGGGTKVEIK,"jain2017biophysical_PSR,jain2017biophysical_SMACRT,jain2017biophysical_ACSINS,jain2017biophysical_HEK,jain2017biophyscial_HICRT,jain2017biophysical_SAS,jain2017biophysical_Tm",74.0,8.7,29.6,0.66,0.03,184.7,8.6
QVQLVQSGAEVKKPGSSVKVSCKASGYTFTDYNMHWVRQAPGQGLEWIGYIYPYNGGTGYNQKFKSKATITADESTNTAYMELSSLRSEDTAVYYCARGRPAMDYWGQGTLVTVSS,DIQMTQSPSSLSASVGDRVTITCRASESVDNYGISFMNWFQQKPGKAPKLLIYAASNQGSGVPSRFSGSGSGTDFTLTISSLQPDDFATYYCQQSKEVPWTFGQGTKVEIK,"jain2017biophysical_PSR,jain2017biophysical_SMACRT,jain2017biophysical_ACSINS,jain2017biophysical_HEK,jain2017biophyscial_HICRT,jain2017biophysical_SAS,jain2017biophysical_Tm",75.5,10.9,0.9,0.0,0.05,230.0,9.4
QVQLVQSGAEVKKPGSSVKVSCKASGGTFSFYAISWVRQAPGQGLEWMGGFIPIFGAANYAQKFQGRVTITADESTSTAYMELSSLRSDDTAVYYCARIPSGSYYYDYDMDVWGQGTTVTVSS,EIVLTQSPVTLSLSPGERATLSCRASQSVSSYLAWYQQKPGQAPRLLIYDASNRATGIPARFSGSGSGTDFTLTISSLEPEDFAVYYCQQRSNWMYTFGQGTKLEIK,"jain2017biophysical_PSR,jain2017biophysical_SMACRT,jain2017biophysical_ACSINS,jain2017biophysical_HEK,jain2017biophyscial_HICRT,jain2017biophysical_SAS,jain2017biophysical_Tm",70.0,25.0,21.0,0.18,0.0,270.5,25.0
EVQLVESGGGLAKPGGSLRLSCAASGFRFTFNNYYMDWVRQAPGQGLEWVSRISSSGDPTWYADSVKGRFTISRENANNTLFLQMNSLRAEDTAVYYCASLTTGSDSWGQGVLVTVSS,DIQMTQSPSSLSASVGDRVTITCRASQDIRYYLNWYQQKPGKAPKLLIYVASSLQSGVPSRFSGSGSGTEFTLTVSSLQPEDFATYYCLQVYSTPRTFGQGTKVEIK,"jain2017biophysical_PSR,jain2017biophysical_SMACRT,jain2017biophysical_ACSINS,jain2017biophysical_HEK,jain2017biophyscial_HICRT,jain2017biophysical_SAS,jain2017biophysical_Tm",64.5,9.5,1.4,0.14,0.07,86.3,8.8
QVQLVQSGAEVKKPGASVKVSCKASGYTFTSHWMHWVRQAPGQGLEWIGEFNPSNGRTNYNEKFKSKATMTVDTSTNTAYMELSSLRSEDTAVYYCASRDYDYDGRYFDYWGQGTLVTVSS,DIQMTQSPSSLSASVGDRVTITCSASSSVTYMYWYQQKPGKAPKLLIYDTSNLASGVPSRFSGSGSGTDYTFTISSLQPEDIATYYCQQWSSHIFTFGQGTKVEIK,"jain2017biophysical_PSR,jain2017biophysical_SMACRT,jain2017biophysical_ACSINS,jain2017biophysical_HEK,jain2017biophyscial_HICRT,jain2017biophysical_SAS,jain2017biophysical_Tm",72.0,9.8,-0.9,0.0,0.02,224.3,8.8
QVQLVQSGAEVKKPGASVKVSCKVSGYTLTELSIHWVRQAPGKGLEWMGGFDPEENEIVYAQRFQGRVTMTEDTSTDTAYMELSSLRSEDTAVYYCAIVGSFSPLTLGLWGQGTMVTVSS,QSVLTQPPSVSGAPGQRVTISCTGSGSNIGAPYDVSWYQQLPGTAPKLLIYHNNKRPSGVPDRFSGSKSGTSASLAITGLQAEDEADYYCATVEAGLSGSVFGGGTKLTVL,"jain2017biophysical_PSR,jain2017biophysical_SMACRT,jain2017biophysical_ACSINS,jain2017biophysical_HEK,jain2017biophyscial_HICRT,jain2017biophysical_SAS,jain2017biophysical_Tm",68.5,10.3,-0.8,0.0,0.05,150.5,8.7
QVTLRESGPALVKPTQTLTLTCTVSGFSLTSYSVHWVRQPPGKGLEWLGVIWASGGTDYNSALMSRLSISKDTSRNQVVLTMTNMDPVDTATYYCARDPPSSLLRLDYWGRGTPVTVSS,DIVMTQSPDSLAVSLGERATINCKSSQSLLNSGNQKNYLAWYQQKPGQPPKLLIYGASTRESGVPDRFSGSGSGTDFTLTISSLQAEDVAVYYCQNVHSFPFTFGGGTKLEIK,"jain2017biophysical_PSR,jain2017biophysical_SMACRT,jain2017biophysical_ACSINS,jain2017biophysical_HEK,jain2017biophyscial_HICRT,jain2017biophysical_SAS,jain2017biophysical_Tm",78.5,9.2,-1.0,0.0,0.04,221.5,8.8
EVQLVESGGDLVQPGRSLRLSCAASGFIFSNYGMSWVRQAPGKGLEWVATISSASTYSYYPDSVKGRFTISRDNAKNSLYLQMNSLRVEDTALYYCGRHSDGNFAFGYWGQGTLVTVSS,DVLMTQSPLSLPVTPGEPASISCRSSRNIVHINGDTYLEWYLQKPGQSPQLLIYKVSNRFSGVPDRFSGSGSGTDFTLKISRVEAEDVGVYYCFQGSLLPWTFGQGTKVEIK,"jain2017biophysical_PSR,jain2017biophysical_SMACRT,jain2017biophysical_ACSINS,jain2017biophysical_HEK,jain2017biophyscial_HICRT,jain2017biophysical_SAS,jain2017biophysical_Tm",68.5,9.6,-0.5,0.0,0.04,89.8,8.8
QVQLQQSGAELARPGASVKMSCKASGYTFTRYTMHWVKQRPGQGLEWIGYINPSRGYTNYNQKFKDKATLTTDKSSSTAYMQLSSLTSEDSAVYYCARYYDDHYCLDYWGQGTTLTVSS,QIVLTQSPAIMSASPGEKVTMTCSASSSVSYMNWYQQKSGTSPKRWIYDTSKLASGVPAHFRGSGSGTSYSLTISGMEAEDAATYYCQQWSSNPFTFGSGTKLEIK,"jain2017biophysical_PSR,jain2017biophysical_SMACRT,jain2017biophysical_ACSINS,jain2017biophysical_HEK,jain2017biophyscial_HICRT,jain2017biophysical_SAS,jain2017biophysical_Tm",74.5,8.9,2.3,0.18,0.04,113.5,8.6
QVQLVQSGAEVKKPGASVKVSCKASGFNIKDTYIHWVRQAPGQRLEWMGRIDPANGYTKYDPKFQGRVTITADTSASTAYMELSSLRSEDTAVYYCAREGYYGNYGVYAMDYWGQGTLVTVSS,DIQMTQSPSSLSASVGDRVTITCKTSQDINKYMAWYQQTPGKAPRLLIHYTSALQPGIPSRFSGSGSGRDYTFTISSLQPEDIATYYCLQYDNLWTFGQGTKVEIK,"jain2017biophysical_PSR,jain2017biophysical_SMACRT,jain2017biophysical_ACSINS,jain2017biophysical_HEK,jain2017biophyscial_HICRT,jain2017biophysical_SAS,jain2017biophysical_Tm",79.5,9.7,0.8,0.0,0.02,251.7,8.8
QVQLQESGPGLVKPSQTLSLTCTVSGGSISSGDYYWSWIRQPPGKGLEWIGYIYYSGSTDYNPSLKSRVTMSVDTSKNQFSLKVNSVTAADTAVYYCARVSIFGVGTFDYWGQGTLVTVSS,EIVMTQSPATLSLSPGERATLSCRASQSVSSYLAWYQQKPGQAPRLLIYDASNRATGIPARFSGSGSGTDFTLTISSLEPEDFAVYYCHQYGSTPLTFGGGTKAEIK,"jain2017biophysical_PSR,jain2017biophysical_SMACRT,jain2017biophysical_ACSINS,jain2017biophysical_HEK,jain2017biophyscial_HICRT,jain2017biophysical_SAS,jain2017biophysical_Tm",76.5,10.8,1.3,0.0,0.02,198.6,9.9
QVQLQQSGAEVKKPGSSVKVSCKASGYTFTNYYIYWVRQAPGQGLEWIGGINPTSGGSNFNEKFKTRVTITADESSTTAYMELSSLRSEDTAFYFCTRQGLWFDSDGRGFDFWGQGTTVTVSS,DIQMTQSPSSLSASVGDRVTITCRSSQNIVHSNGNTYLDWYQQTPGKAPKLLIYKVSNRFSGVPSRFSGSGSGTDFTFTISSLQPEDIATYYCFQYSHVPWTFGQGTKLQIT,"jain2017biophysical_PSR,jain2017biophysical_SMACRT,jain2017biophysical_ACSINS,jain2017biophysical_HEK,jain2017biophyscial_HICRT,jain2017biophysical_SAS,jain2017biophysical_Tm",65.5,25.0,-0.6,0.0,0.04,15.1,8.9
QVQLVESGGGVVQPGRSLRLDCKASGITFSNSGMHWVRQAPGKGLEWVAVIWYDGSKRYYADSVKGRFTISRDNSKNTLFLQMNSLRAEDTAVYYCATNDDYWGQGTLVTVSS,EIVLTQSPATLSLSPGERATLSCRASQSVSSYLAWYQQKPGQAPRLLIYDASNRATGIPARFSGSGSGTDFTLTISSLEPEDFAVYYCQQSSNWPRTFGQGTKVEIK,"jain2017biophysical_PSR,jain2017biophysical_SMACRT,jain2017biophysical_ACSINS,jain2017biophysical_HEK,jain2017biophyscial_HICRT,jain2017biophysical_SAS,jain2017biophysical_Tm",66.0,9.0,2.4,0.14,0.03,178.8,8.7
QVQLVQSGAEVKKPGSSVKVSCKASGYAFSYSWINWVRQAPGQGLEWMGRIFPGDGDTDYNGKFKGRVTITADKSTSTAYMELSSLRSEDTAVYYCARNVFDGYWLVYWGQGTLVTVSS,DIVMTQTPLSLPVTPGEPASISCRSSKSLLHSNGITYLYWYLQKPGQSPQLLIYQMSNLVSGVPDRFSGSGSGTDFTLKISRVEAEDVGVYYCAQNLELPYTFGGGTKVEIK,"jain2017biophysical_PSR,jain2017biophysical_SMACRT,jain2017biophysical_ACSINS,jain2017biophysical_HEK,jain2017biophyscial_HICRT,jain2017biophysical_SAS,jain2017biophysical_Tm",73.0,10.6,1.8,0.11,0.01,176.4,9.0
EVQLVESGGGLVQPGGSLRLSCAASGYTFTSYNMHWVRQAPGKGLEWVGAIYPGNGDTSYNQKFKGRFTISVDKSKNTLYLQMNSLRAEDTAVYYCARVVYYSNSYWYFDVWGQGTLVTVSS,DIQMTQSPSSLSASVGDRVTITCRASSSVSYMHWYQQKPGKAPKPLIYAPSNLASGVPSRFSGSGSGTDFTLTISSLQPEDFATYYCQQWSFNPPTFGQGTKVEIK,"jain2017biophysical_PSR,jain2017biophysical_SMACRT,jain2017biophysical_ACSINS,jain2017biophysical_HEK,jain2017biophyscial_HICRT,jain2017biophysical_SAS,jain2017biophysical_Tm",70.5,9.9,17.9,0.0,0.02,137.8,8.8
EVQLVESGGGLVQPGRSLRLSCAASGFTFNDYAMHWVRQAPGKGLEWVSTISWNSGSIGYADSVKGRFTISRDNAKKSLYLQMNSLRAEDTALYYCAKDIQYGNYYYGMDVWGQGTTVTVSS,EIVLTQSPATLSLSPGERATLSCRASQSVSSYLAWYQQKPGQAPRLLIYDASNRATGIPARFSGSGSGTDFTLTISSLEPEDFAVYYCQQRSNWPITFGQGTRLEIK,"jain2017biophysical_PSR,jain2017biophysical_SMACRT,jain2017biophysical_ACSINS,jain2017biophysical_HEK,jain2017biophyscial_HICRT,jain2017biophysical_SAS,jain2017biophysical_Tm",68.0,9.7,1.2,0.0,0.03,249.8,9.5
QLQLQESGPGLVKPSETLSLTCTVSGGSINSSSYYWGWLRQSPGKGLEWIGSFFYTGSTYYNPSLRSRLTISVDTSKNQFSLMLSSVTAADTAVYYCARQSTYYYGSGNYYGWFDRWDQGTLVTVSS,EIVLTQSPATLSLSPGERATLSCRASQSVSSYLAWYQQKPGQAPRLLIYDASNRATGIPARFSGSGSGTDFTLTISSLEPEDFAVYYCQQRSNWPPAFGQGTKVEIK,"jain2017biophysical_PSR,jain2017biophysical_SMACRT,jain2017biophysical_ACSINS,jain2017biophysical_HEK,jain2017biophyscial_HICRT,jain2017biophysical_SAS,jain2017biophysical_Tm",62.5,10.6,0.3,0.48,0.29,141.9,9.0
EVQLVESGGGLVQPGGSLRLSCAASGFNFNDYFMNWVRQAPGKGLEWVAQMRNKNYQYGTYYAESLEGRFTISRDDSKNSLYLQMNSLKTEDTAVYYCARESYYGFTSYWGQGTLVTVSS,DIQMTQSPSSLSASVGDRVTITCQASQDIGISLSWYQQKPGKAPKLLIYNANNLADGVPSRFSGSGSGTDFTLTISSLQPEDFATYYCLQHNSAPYTFGQGTKLEIK,"jain2017biophysical_PSR,jain2017biophysical_SMACRT,jain2017biophysical_ACSINS,jain2017biophysical_HEK,jain2017biophyscial_HICRT,jain2017biophysical_SAS,jain2017biophysical_Tm",69.0,9.9,-0.5,0.0,0.04,115.3,9.0
EVQLVESGGGLVQPGGSLRLSCAVSGYSITSGYSWNWIRQAPGKGLEWVASITYDGSTNYNPSLKGRITISRDDSKNTFYLQMNSLRAEDTAVYYCARGSHYFGHWHFAVWGQGTLVTVSS,DIQLTQSPSSLSASVGDRVTITCRASQSVDYDGDSYMNWYQQKPGKAPKLLIYAASYLESGVPSRFSGSGSGTDFTLTISSLQPEDFATYYCQQSHEDPYTFGQGTKVEIK,"jain2017biophysical_PSR,jain2017biophysical_SMACRT,jain2017biophysical_ACSINS,jain2017biophysical_HEK,jain2017biophyscial_HICRT,jain2017biophysical_SAS,jain2017biophysical_Tm",77.5,9.5,-0.4,0.0,0.05,150.4,8.7
EVQLVESGGGLVQPGGSLRLSCAASGYTFTSYWLHWVRQAPGKGLEWVGMIDPSNSDTRFNPNFKDRFTISADTSKNTAYLQMNSLRAEDTAVYYCATYRSYVTPLDYWGQGTLVTVSS,DIQMTQSPSSLSASVGDRVTITCKSSQSLLYTSSQKNYLAWYQQKPGKAPKLLIYWASTRESGVPSRFSGSGSGTDFTLTISSLQPEDFATYYCQQYYAYPWTFGQGTKVEIK,"jain2017biophysical_PSR,jain2017biophysical_SMACRT,jain2017biophysical_ACSINS,jain2017biophysical_HEK,jain2017biophyscial_HICRT,jain2017biophysical_SAS,jain2017biophysical_Tm",80.0,9.9,0.0,0.0,0.04,147.9,8.9
EVQLLESGGGLVQPGGSLRLSCAASGFTFSSFPMAWVRQAPGKGLEWVSTISTSGGRTYYRDSVKGRFTISRDNSKNTLYLQMNSLRAEDTAVYYCAKFRQYSGGFDYWGQGTLVTVSS,DIQLTQPNSVSTSLGSTVKLSCTLSSGNIENNYVHWYQLYEGRSPTTMIYDDDKRPDGVPDRFSGSIDRSSNSAFLTIHNVAIEDEAIYFCHSYVSSFNVFGGGTKLTVL,"jain2017biophysical_PSR,jain2017biophysical_SMACRT,jain2017biophysical_ACSINS,jain2017biophysical_HEK,jain2017biophyscial_HICRT,jain2017biophysical_SAS,jain2017biophysical_Tm",75.5,9.1,4.4,0.0,0.09,152.1,8.7
EVQLVQSGAEVKKPGESLKISCKGSGYSFTGYNMNWVRQMPGKGLEWMGNIDPYYGGTTYNRKFKGQVTISADKSISTAYLQWSSLKASDTAMYYCARSVGPFDSWGQGTLVTVSS,EIVLTQSPATLSLSPGERATLSCRASENVYSYLAWYQQKPGQAPRLLIYFAKTLAEGIPARFSGSGSGTDFTLTISSLEPEDFAVYYCQHHSDNPWTFGQGTKVEIK,"jain2017biophysical_PSR,jain2017biophysical_SMACRT,jain2017biophysical_ACSINS,jain2017biophysical_HEK,jain2017biophyscial_HICRT,jain2017biophysical_SAS,jain2017biophysical_Tm",68.5,11.0,2.3,0.0,0.07,149.6,10.3
QVQLVQSGAEVKKPGASVKVSCKASGYTFTSYWMHWVRQAPGQGLEWIGNINPSNGGTNYNEKFKSKATMTRDTSTSTAYMELSSLRSEDTAVYYCELMQGYWGQGTLVTVSS,DIVMTQSPLSNPVTLGQPVSISCRSSKSLLYKDGKTYLNWFLQRPGQSPQLLIYLMSTRASGVPDRFSGGGSGTDFTLKISRVEAEDVGVYYCQQLVEYPLTFGQGTKLEIK,"jain2017biophysical_PSR,jain2017biophysical_SMACRT,jain2017biophysical_ACSINS,jain2017biophysical_HEK,jain2017biophyscial_HICRT,jain2017biophysical_SAS,jain2017biophysical_Tm",67.0,10.0,27.7,0.77,0.06,97.1,8.6
QVTLRESGPALVKPTQTLTLTCTFSGFSLSTSGMSVGWIRQPPGKALEWLADIWWDDKKDYNPSLKSRLTISKDTSKNQVVLKVTNMDPADTATYYCARSMITNWYFDVWGAGTTVTVSS,DIQMTQSPSTLSASVGDRVTITCKCQLSVGYMHWYQQKPGKAPKLLIYDTSKLASGVPSRFSGSGSGTEFTLTISSLQPDDFATYYCFQGSGYPFTFGGGTKLEIK,"jain2017biophysical_PSR,jain2017biophysical_SMACRT,jain2017biophysical_ACSINS,jain2017biophysical_HEK,jain2017biophyscial_HICRT,jain2017biophysical_SAS,jain2017biophysical_Tm",79.5,9.3,-0.9,0.0,0.04,243.1,8.7
QVQLQESGPGLVKPSETLSLTCTVSGGSVSSGDYYWTWIRQSPGKGLEWIGHIYYSGNTNYNPSLKSRLTISIDTSKTQFSLKLSSVTAADTAIYYCVRDRVTGAFDIWGQGTMVTVSS,DIQMTQSPSSLSASVGDRVTITCQASQDISNYLNWYQQKPGKAPKLLIYDASNLETGVPSRFSGSGSGTDFTFTISSLQPEDIATYFCQHFDHLPLAFGGGTKVEIK,"jain2017biophysical_PSR,jain2017biophysical_SMACRT,jain2017biophysical_ACSINS,jain2017biophysical_HEK,jain2017biophyscial_HICRT,jain2017biophysical_SAS,jain2017biophysical_Tm",78.5,9.5,-1.1,0.0,0.04,179.6,8.8
EEQVVESGGGFVQPGGSLRLSCAASGFTFSPYWMHWVRQAPGKGLVWVSRINSDGSTYYADSVKGRFTISRDNARNTLYLQMNSLRAEDTAVYYCARDRYYGPEMWGQGTMVTVSS,DVVMTQSPLSLPVTLGQPASISCRSSQSLVYSDGNTYLNWFQQRPGQSPRRLIYKVSNRDSGVPDRFSGSGSGTDFTLKISRVEAEDVGVYYCMQGTHWPLTFGGGTKVEIK,"jain2017biophysical_PSR,jain2017biophysical_SMACRT,jain2017biophysical_ACSINS,jain2017biophysical_HEK,jain2017biophyscial_HICRT,jain2017biophysical_SAS,jain2017biophysical_Tm",69.0,9.8,-0.4,0.0,0.02,107.6,8.9
EVQLVESGGGLVQPGGSLRLSCAASGYTFIDYYMNWVRQAPGKGLEWVGDINLDNSGTHYNQKFKGRFTISRDKSKNTAYLQMNSLRAEDTAVYYCAREGVYHDYDDYAMDYWGQGTLVTVSS,DIQMTQSPSSLSASVGDRVTITCRTSQSLVHINAITYLHWYQQKPGKAPKLLIYRVSNRFSGVPSRFSGSGSGTDFTLTISSLQPEDFATYYCGQSTHVPLTFGQGTKVEIK,"jain2017biophysical_PSR,jain2017biophysical_SMACRT,jain2017biophysical_ACSINS,jain2017biophysical_HEK,jain2017biophyscial_HICRT,jain2017biophysical_SAS,jain2017biophysical_Tm",64.5,9.1,7.4,0.13,0.09,40.0,8.8
QVQLQQWGAGLLKPSETLSLTCAVYGGSFSGYYWSWIRQPPGKGLEWIGEINHSGSTNYNPSLKSRVTISVETSKNQFSLKLSSVTAADTAVYYCARDKWTWYFDLWGRGTLVTVSS,DIEMTQSPDSLAVSLGERATINCRSSQSVLYSSSNRNYLAWYQQNPGQPPKLLIYWASTRESGVPDRFSGSGSGTDFTLTISSLQAEDVAVYYCQQYYSTPRTFGQGTKVEIK,"jain2017biophysical_PSR,jain2017biophysical_SMACRT,jain2017biophysical_ACSINS,jain2017biophysical_HEK,jain2017biophyscial_HICRT,jain2017biophysical_SAS,jain2017biophysical_Tm",71.5,10.2,13.1,0.52,0.05,68.8,9.3
QVQLVQSGVEVKKPGASVKVSCKASGYTFTNYYMYWVRQAPGQGLEWMGGINPSNGGTNFNEKFKNRVTLTTDSSTTTAYMELKSLQFDDTAVYYCARRDYRFDMGFDYWGQGTTVTVSS,EIVLTQSPATLSLSPGERATLSCRASKGVSTSGYSYLHWYQQKPGQAPRLLIYLASYLESGVPARFSGSGSGTDFTLTISSLEPEDFAVYYCQHSRDLPLTFGGGTKVEIK,"jain2017biophysical_PSR,jain2017biophysical_SMACRT,jain2017biophysical_ACSINS,jain2017biophysical_HEK,jain2017biophyscial_HICRT,jain2017biophysical_SAS,jain2017biophysical_Tm",66.0,11.1,5.6,0.3,0.03,64.9,13.5
EVQLVESGGGLVQPGGSLRLSCAASGFTFTDYTMDWVRQAPGKGLEWVADVNPNSGGSIYNQRFKGRFTLSVDRSKNTLYLQMNSLRAEDTAVYYCARNLGPSFYFDYWGQGTLVTVSS,DIQMTQSPSSLSASVGDRVTITCKASQDVSIGVAWYQQKPGKAPKLLIYSASYRYTGVPSRFSGSGSGTDFTLTISSLQPEDFATYYCQQYYIYPYTFGQGTKVEIK,"jain2017biophysical_PSR,jain2017biophysical_SMACRT,jain2017biophysical_ACSINS,jain2017biophysical_HEK,jain2017biophyscial_HICRT,jain2017biophysical_SAS,jain2017biophysical_Tm",78.5,10.1,-0.2,0.0,0.04,31.4,8.9
EVQLVESGGGLVQPGGSLRLSCAASGYEFSRSWMNWVRQAPGKGLEWVGRIYPGDGDTNYSGKFKGRFTISADTSKNTAYLQMNSLRAEDTAVYYCARDGSSWDWYFDVWGQGTLVTVSS,DIQMTQSPSSLSASVGDRVTITCRSSQSIVHSVGNTFLEWYQQKPGKAPKLLIYKVSNRFSGVPSRFSGSGSGTDFTLTISSLQPEDFATYYCFQGSQFPYTFGQGTKVEIK,"jain2017biophysical_PSR,jain2017biophysical_SMACRT,jain2017biophysical_ACSINS,jain2017biophysical_HEK,jain2017biophyscial_HICRT,jain2017biophysical_SAS,jain2017biophysical_Tm",79.0,9.2,0.6,0.01,0.07,130.6,8.8
EVQLVESGGGLVQPGGSLRLSCAASGYTFSSYWIEWVRQAPGKGLEWIGEILPGGGDTNYNEIFKGRATFSADTSKNTAYLQMNSLRAEDTAVYYCTRRVPIRLDYWGQGTLVTVSS,DIQLTQSPSSLSASVGDRVTITCKASQSVDYEGDSFLNWYQQKPGKAPKLLIYAASNLESGVPSRFSGSGSGTDFTLTISSLQPEDFATYYCQQSNEDPLTFGQGTKVEIK,"jain2017biophysical_PSR,jain2017biophysical_SMACRT,jain2017biophysical_ACSINS,jain2017biophysical_HEK,jain2017biophyscial_HICRT,jain2017biophysical_SAS,jain2017biophysical_Tm",74.0,8.8,-1.0,0.0,0.06,225.1,8.7
QVQLVQSGAEVKKPGASVKVSCKASGYYTEAYYIHWVRQAPGQGLEWMGRIDPATGNTKYAPRLQDRVTMTRDTSTSTVYMELSSLRSEDTAVYYCASLYSLPVYWGQGTTVTVSS,DVVMTQSPLSLPVTLGQPASISCKSSQSLLYSDAKTYLNWFQQRPGQSPRRLIYQISRLDPGVPDRFSGSGSGTDFTLKISRVEAEDVGVYYCLQGTHYPVLFGQGTRLEIK,"jain2017biophysical_PSR,jain2017biophysical_SMACRT,jain2017biophysical_ACSINS,jain2017biophysical_HEK,jain2017biophyscial_HICRT,jain2017biophysical_SAS,jain2017biophysical_Tm",61.0,10.5,-0.2,0.07,0.16,17.0,9.0
EVQLLESGGGLVQPGGSLRLSCAASGFTFSSFSMSWVRQAPGKGLEWVSSISGSSGTTYYADSVKGRFTISRDNSKNTLYLQMNSLRAEDTAVYYCAKPFPYFDYWGQGTLVTVSS,EIVLTQSPGTLSLSPGERATLSCRASQSVSSSFLAWYQQKPGQAPRLLIYYASSRATGIPDRFSGSGSGTDFTLTISRLEPEDFAVYYCQQTGRIPPTFGQGTKVEIK,"jain2017biophysical_PSR,jain2017biophysical_SMACRT,jain2017biophysical_ACSINS,jain2017biophysical_HEK,jain2017biophyscial_HICRT,jain2017biophysical_SAS,jain2017biophysical_Tm",77.0,9.5,3.4,0.13,0.0,151.2,8.7
EVQLVQSGGGLVKPGGSLRLSCAASGFTFSSYSMNWVRQAPGKGLEWVSSISSSSSYIYYADSVKGRFTISRDNAKNSLYLQMNSLRAEDTAVYYCARVTDAFDIWGQGTMVTVSS,DIQMTQSPSSVSASIGDRVTITCRASQGIDNWLGWYQQKPGKAPKLLIYDASNLDTGVPSRFSGSGSGTYFTLTISSLQAEDFAVYFCQQAKAFPPTFGGGTKVDIK,"jain2017biophysical_PSR,jain2017biophysical_SMACRT,jain2017biophysical_ACSINS,jain2017biophysical_HEK,jain2017biophyscial_HICRT,jain2017biophysical_SAS,jain2017biophysical_Tm",66.0,9.4,0.0,0.0,0.02,90.7,8.7
EVQLVESGGGLVQPGGSLRLSCAASGYDFTHYGMNWVRQAPGKGLEWVGWINTYTGEPTYAADFKRRFTFSLDTSKSTAYLQMNSLRAEDTAVYYCAKYPYYYGTSHWYFDVWGQGTLVTVSS,DIQLTQSPSSLSASVGDRVTITCSASQDISNYLNWYQQKPGKAPKVLIYFTSSLHSGVPSRFSGSGSGTDFTLTISSLQPEDFATYYCQQYSTVPWTFGQGTKVEIK,"jain2017biophysical_PSR,jain2017biophysical_SMACRT,jain2017biophysical_ACSINS,jain2017biophysical_HEK,jain2017biophyscial_HICRT,jain2017biophysical_SAS,jain2017biophysical_Tm",65.0,12.1,7.9,0.0,0.09,41.4,18.1
EVQLVESGGGLVQPGGSLRLSCAVSGLSLTSNSVNWIRQAPGKGLEWVGLIWSNGDTDYNSAIKSRFTISRDTSKSTVYLQMNSLRAEDTAVYYCAREYYGYFDYWGQGTLVTVSS,DIQMTQSPSSLSASVGDRVTITCLASEGISSYLAWYQQKPGKAPKLLIYGANSLQTGVPSRFSGSGSATDYTLTISSLQPEDFATYYCQQSYKFPNTFGQGTKVEVK,"jain2017biophysical_PSR,jain2017biophysical_SMACRT,jain2017biophysical_ACSINS,jain2017biophysical_HEK,jain2017biophyscial_HICRT,jain2017biophysical_SAS,jain2017biophysical_Tm",75.5,9.8,1.7,0.23,0.06,191.6,8.9
QVQLQESGPGLVKPSETLSLTCTVSGGSISIYYWSWIRQPPGKGLEWIGYVYYSGSTNYNPSLKSRVTISVDTSKNQFSLKLNSVTAADTAVYYCARGGYDFWSGYFDYWGQGTLVTVSS,EIVMTQSPATLSVSPGERATLSCRASQSVDSNLAWYRQKPGQAPRLLIYGASTRATGIPARFSGSGSGTEFTLTISSLQSEDFAVYYCQQYINWPPITFGQGTRLEIK,"jain2017biophysical_PSR,jain2017biophysical_SMACRT,jain2017biophysical_ACSINS,jain2017biophysical_HEK,jain2017biophyscial_HICRT,jain2017biophysical_SAS,jain2017biophysical_Tm",79.0,12.6,2.1,0.16,1.27,173.1,17.7
QVQLQQPGAELVKPGASVKMSCKASGYTFTSYNMHWVKQTPGRGLEWIGAIYPGNGDTSYNQKFKGKATLTADKSSSTAYMQLSSLTSEDSAVYYCARSTYYGGDWYFNVWGAGTTVTVSA,QIVLSQSPAILSASPGEKVTMTCRASSSVSYIHWFQQKPGSSPKPWIYATSNLASGVPVRFSGSGSGTSYSLTISRVEAEDAATYYCQQWTSNPPTFGGGTKLEIK,"jain2017biophysical_PSR,jain2017biophysical_SMACRT,jain2017biophysical_ACSINS,jain2017biophysical_HEK,jain2017biophyscial_HICRT,jain2017biophysical_SAS,jain2017biophysical_Tm",69.0,10.8,2.1,0.38,0.03,164.1,9.1
EVQLVQSGGGLVKPGGSLRLSCAASGFTFSSFAMHWVRQAPGKGLEWISVIDTRGATYYADSVKGRFTISRDNAKNSLYLQMNSLRAEDTAVYYCARLGNFYYGMDVWGQGTTVTVSS,EIVLTQSPGTLSVSPGERATLSCRASQSIGSSLHWYQQKPGQAPRLLIKYASQSLSGIPDRFSGSGSGTDFTLTISRLEPEDFAVYYCHQSSRLPHTFGQGTKVEIK,"jain2017biophysical_PSR,jain2017biophysical_SMACRT,jain2017biophysical_ACSINS,jain2017biophysical_HEK,jain2017biophyscial_HICRT,jain2017biophysical_SAS,jain2017biophysical_Tm",80.0,9.5,29.6,0.27,0.05,117.1,9.0
EVQLVQSGAEVKKPGASVKVSCKASGYTFTDYNMHWVRQAPGQGLEWMGEINPNSGGAGYNQKFKGRVTMTTDTSTSTAYMELRSLRSDDTAVYYCARLGYDDIYDDWYFDVWGQGTTVTVSS,DIQMTQSPSSLSASVGDRVTITCRASQDISNYLNWYQQKPGKAPKLLIYYTSRLLSGVPSRFSGSGSGTDFTLTISSLQPEDFATYYCQQGDTLPYTFGGGTKVEIK,"jain2017biophysical_PSR,jain2017biophysical_SMACRT,jain2017biophysical_ACSINS,jain2017biophysical_HEK,jain2017biophyscial_HICRT,jain2017biophysical_SAS,jain2017biophysical_Tm",76.0,9.2,-1.0,0.0,0.03,227.7,8.6
EVQLVESGGGLVQPGRSLRLSCAASRFTFDDYAMHWVRQAPGKGLEWVSGISWNSGRIGYADSVKGRFTISRDNAENSLFLQMNGLRAEDTALYYCAKGRDSFDIWGQGTMVTVSS,DIQMTQSPSSVSASVGDRVTITCRASQGISSWLAWYQQKPGKAPKLLIYGASSLESGVPSRFSGSGSGTDFTLTISSLQPEDFASYYCQQANSFPYTFGQGTKLEIK,"jain2017biophysical_PSR,jain2017biophysical_SMACRT,jain2017biophysical_ACSINS,jain2017biophysical_HEK,jain2017biophyscial_HICRT,jain2017biophysical_SAS,jain2017biophysical_Tm",64.0,9.0,1.1,0.0,0.05,181.8,8.7
EVQLVESGGGLVQPGGSLRLSCAASGFTFSNYWMNWVRQAPGKGLEWVAAINQDGSEKYYVGSVKGRFTISRDNAKNSLYLQMNSLRVEDTAVYYCVRDYYDILTDYYIHYWYFDLWGRGTLVTVSS,EIVLTQSPGTLSLSPGERATLSCRASQSVSSSYLAWYQQKPGQAPRLLIYGASSRATGIPDRFSGSGSGTDFTLTISRLEPEDFAVYYCQQYGSSPCTFGQGTRLEIK,"jain2017biophysical_PSR,jain2017biophysical_SMACRT,jain2017biophysical_ACSINS,jain2017biophysical_HEK,jain2017biophyscial_HICRT,jain2017biophysical_SAS,jain2017biophysical_Tm",72.0,11.4,-0.6,0.0,0.05,149.0,8.9
EVQLLESGGGLVQPGGSLRLSCAASGFTFSHYVMAWVRQAPGKGLEWVSSISSSGGWTLYADSVKGRFTISRDNSKNTLYLQMNSLRAEDTAVYYCTRGLKMATIFDYWGQGTLVTVSS,QSALTQPASVSGSPGQSITISCTGTSSDVGSYNVVSWYQQHPGKAPKLIIYEVSQRPSGVSNRFSGSKSGNTASLTISGLQTEDEADYYCCSYAGSSIFVIFGGGTKVTVL,"jain2017biophysical_PSR,jain2017biophysical_SMACRT,jain2017biophysical_ACSINS,jain2017biophysical_HEK,jain2017biophyscial_HICRT,jain2017biophysical_SAS,jain2017biophysical_Tm",77.5,10.4,21.2,0.0,0.15,190.0,9.0
QVQLVQSGAEVKKPGASVKVSCKASGYTFTSYSISWVRQAPGQGLEWMGWISVYNGNTNYAQKFQGRVTMTTDTSTSTAYLELRSLRSDDTAVYYCARDPIAAGYWGQGTLVTVSS,EIVLTQSPGTLSLSPGERATLSCRASQSVSSTYLAWYQQKPGQAPRLLIYGASSRATGIPDRFSGSGSGTDFTLTISRLEPEDFAVYYCQQYGSSPRTFGQGTKVEIK,"jain2017biophysical_PSR,jain2017biophysical_SMACRT,jain2017biophysical_ACSINS,jain2017biophysical_HEK,jain2017biophyscial_HICRT,jain2017biophysical_SAS,jain2017biophysical_Tm",67.0,9.7,2.1,0.06,0.01,158.6,8.8
EVQLVESGGKLLKPGGSLKLSCAASGFTFSSFAMSWFRQSPEKRLEWVAEISSGGSYTYYPDTVTGRFTISRDNAKNTLYLEMSSLRSEDTAMYYCARGLWGYYALDYWGQGTSVTVSS,QIVLIQSPAIMSASPGEKVTMTCSASSSVSYMYWYQQKPGSSPRLLIYDTSNLASGVPVRFSGSGSGTSYSLTISRMEAEDAATYYCQQWSGYPYTFGGGTKLEIK,"jain2017biophysical_PSR,jain2017biophysical_SMACRT,jain2017biophysical_ACSINS,jain2017biophysical_HEK,jain2017biophyscial_HICRT,jain2017biophysical_SAS,jain2017biophysical_Tm",64.5,11.0,2.6,0.0,0.01,95.7,12.1
QVQLVQSGAEVKKPGASVKVSCKASGYAFTYYLIEWVRQAPGQGLEWIGVINPGSGGTNYNEKFKGRATITADKSTSTAYMELSSLRSEDTAVYFCARNWMNFDYWGQGTTVTVSS,DIVMTQTPLSLSVTPGQPASISCRSSKSLLHSNGNTYLYWFLQKPGQSPQFLIYRMSNLASGVPDRFSGSGSGTDFTLKISRVEAEDVGVYYCMQHLEYPYTFGGGTKVEIK,"jain2017biophysical_PSR,jain2017biophysical_SMACRT,jain2017biophysical_ACSINS,jain2017biophysical_HEK,jain2017biophyscial_HICRT,jain2017biophysical_SAS,jain2017biophysical_Tm",66.5,10.4,0.9,0.34,0.14,191.4,9.6
EVQLVESGGGLVQPGGSLRLSCAASGFTFSPFAMSWVRQAPGKGLEWVAKISPGGSWTYYSDTVTGRFTISRDNAKNSLYLQMNSLRAEDTAVYYCARQLWGYYALDIWGQGTTVTVSS,EIVLTQSPATLSLSPGERATLSCSASISVSYMYWYQQKPGQAPRLLIYDMSNLASGIPARFSGSGSGTDFTLTISSLEPEDFAVYYCMQWSGYPYTFGGGTKVEIK,"jain2017biophysical_PSR,jain2017biophysical_SMACRT,jain2017biophysical_ACSINS,jain2017biophysical_HEK,jain2017biophyscial_HICRT,jain2017biophysical_SAS,jain2017biophysical_Tm",68.0,11.3,29.6,0.36,0.04,109.8,10.8
QVQLQQWGAGLLKPSETLSLTCAVYGGSFSGYYWSWIRQPPGKGLEWIGEINHSGSTNYNPSLKSRVTISVDTSKNQFSLKLSSVTAADTAVYYCARGYYDILTGYYYYFDYWGQGTLVTVSS,EIVLTQSPATLSLSPGERATLSCRASQSVSRYLAWYQQKPGQAPRLLIYDASNRATGIPARFSGSGSGTDSTLTISSLEPEDFAVYYCQQRSNWPRTFGQGTKVEIK,"jain2017biophysical_PSR,jain2017biophysical_SMACRT,jain2017biophysical_ACSINS,jain2017biophysical_HEK,jain2017biophyscial_HICRT,jain2017biophysical_SAS,jain2017biophysical_Tm",64.0,10.8,2.0,0.0,0.06,121.6,9.9
QVQLQESGPGLVKPSETLSLTCTVSGFSLIGYDLNWIRQPPGKGLEWIGIIWGDGTTDYNSAVKSRVTISKDTSKNQFSLKLSSVTAADTAVYYCARGGYWYATSYYFDYWGQGTLVTVSS,DIQMTQSPSSLSASVGDRVTITCRASQSISNNLNWYQQKPGKAPKLLIYYTSRFHSGVPSRFSGSGSGTDFTFTISSLQPEDIATYYCQQEHTLPYTFGQGTKLEIK,"jain2017biophysical_PSR,jain2017biophysical_SMACRT,jain2017biophysical_ACSINS,jain2017biophysical_HEK,jain2017biophyscial_HICRT,jain2017biophysical_SAS,jain2017biophysical_Tm",75.5,12.4,2.2,0.23,0.02,48.9,10.7
QVQLVQSGGGVVQPGRSLRLSCKASGYTFTRYTMHWVRQAPGKGLEWIGYINPSRGYTNYNQKVKDRFTISRDNSKNTAFLQMDSLRPEDTGVYFCARYYDDHYCLDYWGQGTPVTVSS,DIQMTQSPSSLSASVGDRVTITCSASSSVSYMNWYQQTPGKAPKRWIYDTSKLASGVPSRFSGSGSGTDYTFTISSLQPEDIATYYCQQWSSNPFTFGQGTKLQIT,"jain2017biophysical_PSR,jain2017biophysical_SMACRT,jain2017biophysical_ACSINS,jain2017biophysical_HEK,jain2017biophyscial_HICRT,jain2017biophysical_SAS,jain2017biophysical_Tm",64.5,8.8,11.2,0.31,0.06,150.9,8.6
EVQLVESGGGLVQPGGSLRLSCAASGFTFSSYVMSWVRQAPGKGLEWVATISSGGSYTYYPDSVKGRFTISRDNAKNTLYLQMNSLRAEDTAVYYCARRGDSMITTDYWGQGTLVTVSS,DIQMTQSPSSLSASVGDRVTITCKASQDVGTAVAWYQQKPGKAPKLLIYWASTRHTGVPSRFSGSGSGTDFTLTISSLQPEDFATYYCQQYSSYRTFGQGTKVEIK,"jain2017biophysical_PSR,jain2017biophysical_SMACRT,jain2017biophysical_ACSINS,jain2017biophysical_HEK,jain2017biophyscial_HICRT,jain2017biophysical_SAS,jain2017biophysical_Tm",64.5,10.0,5.5,0.13,0.0,179.0,8.7
QVQLVQSGAEVKKPGASVKVSCKASGYIFITYWMTWVRQAPGQGLEWMGQIFPASGSADYNEKFEGRVTMTTDTSTSTAYMELRSLRSDDTAVYYCARGGGGFAYWGQGTLVTVSS,DIQMTQSPSSLSASVGDRVTITCRTSENIYSYLAWYQQKPGKAPKLLIYNAKTLAEGVPSRFSGSGSGTDFTLTISSLQPEDFATYYCQHHYGIPFTFGQGTKVEIK,"jain2017biophysical_PSR,jain2017biophysical_SMACRT,jain2017biophysical_ACSINS,jain2017biophysical_HEK,jain2017biophyscial_HICRT,jain2017biophysical_SAS,jain2017biophysical_Tm",77.5,11.1,0.8,0.0,-0.01,181.9,9.9
QVQLQESGPGLVRPSQTLSLTCTVSGYSITSDHAWSWVRQPPGRGLEWIGYISYSGITTYNPSLKSRVTMLRDTSKNQFSLRLSSVTAADTAVYYCARSLARTTAMDYWGQGSLVTVSS,DIQMTQSPSSLSASVGDRVTITCRASQDISSYLNWYQQKPGKAPKLLIYYTSRLHSGVPSRFSGSGSGTDFTFTISSLQPEDIATYYCQQGNTLPYTFGQGTKVEIK,"jain2017biophysical_PSR,jain2017biophysical_SMACRT,jain2017biophysical_ACSINS,jain2017biophysical_HEK,jain2017biophyscial_HICRT,jain2017biophysical_SAS,jain2017biophysical_Tm",91.5,9.1,1.3,0.0,0.05,139.6,8.8
QVQLVESGGGLVKPGGSLRLSCAASGFTFSDYYMNWIRQAPGKGLEWVSYISSSGSIIYYADSVKGRFTISRDNAKNSLYLQMNSLRAEDTAVYYCAREGRIAARGMDVWGQGTTVTVSS,DIQMTQSPSSLSASVGDRVSITCRPSQSFSRYINWYQQKPGKAPKLLIHAASSLVGGVPSRFSGSGSGTDFTLTISSLQPEDFATYYCQQTYSNPPITFGQGTRLEMK,"jain2017biophysical_PSR,jain2017biophysical_SMACRT,jain2017biophysical_ACSINS,jain2017biophysical_HEK,jain2017biophyscial_HICRT,jain2017biophysical_SAS,jain2017biophysical_Tm",63.5,8.7,2.2,0.0,0.01,277.2,8.6
QVQLVQSGAEVKKPGASVKVSCKASGYTFTNYGLSWVRQAPGQGLEWMGWISANNGDTNYGQEFQGRVTMTTDTSTSTAYMELRSLRSDDTAVYYCARDSSSSWARWFFDLWGRGTLVTVSS,SYVLTQPPSVSVAPGKTARITCGGNIIGSKLVHWYQQKPGQAPVLVIYDDGDRPSGIPERFSGSNSGNTATLTISRVEAGDEADYYCQVWDTGSDPVVFGGGTKLTVL,"jain2017biophysical_PSR,jain2017biophysical_SMACRT,jain2017biophysical_ACSINS,jain2017biophysical_HEK,jain2017biophyscial_HICRT,jain2017biophysical_SAS,jain2017biophysical_Tm",63.0,10.3,4.8,0.16,0.01,121.4,9.0
EVQLVESGGGLVQPGGSLRLSCAASGFNIKDTYIHWVRQAPGKGLEWVARIYPTNGYTRYADSVKGRFTISADTSKNTAYLQMNSLRAEDTAVYYCSRWGGDGFYAMDYWGQGTLVTVSS,DIQMTQSPSSLSASVGDRVTITCRASQDVNTAVAWYQQKPGKAPKLLIYSASFLYSGVPSRFSGSRSGTDFTLTISSLQPEDFATYYCQQHYTTPPTFGQGTKVEIK,"jain2017biophysical_PSR,jain2017biophysical_SMACRT,jain2017biophysical_ACSINS,jain2017biophysical_HEK,jain2017biophyscial_HICRT,jain2017biophysical_SAS,jain2017biophysical_Tm",78.5,9.7,2.0,0.0,0.04,159.5,8.8
QVQLVESGGGVVQPGRSLRLSCAASGFTFSSYGMHWVRQAPGKGLEWVAVIWYDGSNKYYADSVKGRFTISRDNSKNTLYLQMNSLRAEDTAVYYCARDPRGATLYYYYYGMDVWGQGTTVTVSS,DIQMTQSPSSLSASVGDRVTITCRASQSINSYLDWYQQKPGKAPKLLIYAASSLQSGVPSRFSGSGSGTDFTLTISSLQPEDFATYYCQQYYSTPFTFGPGTKVEIK,"jain2017biophysical_PSR,jain2017biophysical_SMACRT,jain2017biophysical_ACSINS,jain2017biophysical_HEK,jain2017biophyscial_HICRT,jain2017biophysical_SAS,jain2017biophysical_Tm",75.0,11.6,29.6,0.15,0.02,229.6,19.3
QVQLQQWGAGLLKPSETLSLTCAVYGGSFSGYYWSWIRQSPEKGLEWIGEINHGGYVTYNPSLESRVTISVDTSKNQFSLKLSSVTAADTAVYYCARDYGPGNYDWYFDLWGRGTLVTVSS,EIVLTQSPATLSLSPGERATLSCRASQSVSSYLAWYQQKPGQAPRLLIYDASNRATGIPARFSGSGSGTDFTLTISSLEPEDFAVYYCQQRSNWPPALTFGGGTKVEIK,"jain2017biophysical_PSR,jain2017biophysical_SMACRT,jain2017biophysical_ACSINS,jain2017biophysical_HEK,jain2017biophyscial_HICRT,jain2017biophysical_SAS,jain2017biophysical_Tm",66.0,11.2,29.6,0.0,0.01,143.9,13.0
EVQLVQSGAEVKKPGESLKISCKGSGYSFTTYWLGWVRQMPGKGLDWIGIMSPVDSDIRYSPSFQGQVTMSVDKSITTAYLQWNSLKASDTAMYYCARRRPGQGYFDFWGQGTLVTVSS,DIQMTQSPSSLSASVGDRVTITCRASQGISSWLAWYQQKPEKAPKSLIYAASSLQSGVPSRFSGSGSGTDFTLTISSLQPEDFATYYCQQYNIYPYTFGQGTKLEIK,"jain2017biophysical_PSR,jain2017biophysical_SMACRT,jain2017biophysical_ACSINS,jain2017biophysical_HEK,jain2017biophyscial_HICRT,jain2017biophysical_SAS,jain2017biophysical_Tm",69.5,8.8,0.4,0.15,0.02,152.7,8.6
QVQLVQSGAEVKKPGASVKVSCKGSGYTFTSYWMHWVRQAPGQRLEWIGEIDPSESNTNYNQKFKGRVTLTVDISASTAYMELSSLRSEDTAVYYCARGGYDGWDYAIDYWGQGTLVTVSS,DVVMTQSPLSLPVTPGEPASISCRSSQSLAKSYGNTYLSWYLQKPGQSPQLLIYGISNRFSGVPDRFSGSGSGTDFTLKISRVEAEDVGVYYCLQGTHQPYTFGQGTKVEIK,"jain2017biophysical_PSR,jain2017biophysical_SMACRT,jain2017biophysical_ACSINS,jain2017biophysical_HEK,jain2017biophyscial_HICRT,jain2017biophysical_SAS,jain2017biophysical_Tm",80.5,10.9,0.4,0.0,0.07,221.8,12.3
QVQLQQSGAEVKKPGSSVKVSCKASGYTFTSYNMHWVKQAPGQGLEWIGAIYPGMGDTSYNQKFKGKATLTADESTNTAYMELSSLRSEDTAFYYCARSTYYGGDWYFDVWGQGTTVTVSS,DIQLTQSPSSLSASVGDRVTMTCRASSSVSYIHWFQQKPGKAPKPWIYATSNLASGVPVRFSGSGSGTDYTFTISSLQPEDIATYYCQQWTSNPPTFGGGTKLEIK,"jain2017biophysical_PSR,jain2017biophysical_SMACRT,jain2017biophysical_ACSINS,jain2017biophysical_HEK,jain2017biophyscial_HICRT,jain2017biophysical_SAS,jain2017biophysical_Tm",70.0,11.1,4.8,0.0,0.04,225.0,9.7
QVQLVQSGAEVKKPGASVKVSCKASGYTFISYTMHWVRQAPGQGLEWMGYINPRSGYTHYNQKLKDKATLTADKSASTAYMELSSLRSEDTAVYYCARSAYYDYDGFAYWGQGTLVTVSS,DIQMTQSPSSLSASVGDRVTITCSASSSVSYMNWYQQKPGKAPKRLIYDTSKLASGVPSRFSGSGSGTDFTLTISSLQPEDFATYYCQQWSSNPPTFGGGTKVEIK,"jain2017biophysical_PSR,jain2017biophysical_SMACRT,jain2017biophysical_ACSINS,jain2017biophysical_HEK,jain2017biophyscial_HICRT,jain2017biophysical_SAS,jain2017biophysical_Tm",71.0,9.0,22.0,0.42,0.06,242.0,8.7
QVQLVESGGGVVQPGRSLRLSCAASGFTFSTYGMHWVRQAPGKGLEWVAVIWDDGSYKYYGDSVKGRFTISRDNSKNTLYLQMNSLRAEDTAVYYCARDGITMVRGVMKDYFDYWGQGTLVTVSS,AIQLTQSPSSLSASVGDRVTITCRASQDISSALVWYQQKPGKAPKLLIYDASSLESGVPSRFSGSESGTDFTLTISSLQPEDFATYYCQQFNSYPLTFGGGTKVEIK,"jain2017biophysical_PSR,jain2017biophysical_SMACRT,jain2017biophysical_ACSINS,jain2017biophysical_HEK,jain2017biophyscial_HICRT,jain2017biophysical_SAS,jain2017biophysical_Tm",72.5,9.3,-0.8,0.0,0.05,200.5,8.7
QVQLQQWGAGLLKPSETLSLTCAVYGGSFSGYYWSWIRQPPGKGLEWIGEINHSGSTNYNPSLKSRVTISVDTSKNQFSLKLSSVTAADTAVYYCARVINWFDPWGQGTLVTVSS,DIQMTQSPSSVSASVGDRVTITCRASQDISSWLAWYQHKPGKAPKLLIYAASSLQSGVPSRFSGSGSGTDFTLTISSLQPEDFATYYCQQANSFPYTFGQGTKLEIK,"jain2017biophysical_PSR,jain2017biophysical_SMACRT,jain2017biophysical_ACSINS,jain2017biophysical_HEK,jain2017biophyscial_HICRT,jain2017biophysical_SAS,jain2017biophysical_Tm",80.5,9.6,1.5,0.13,0.03,116.4,8.8
EVQLVESGGGLVKPGGSLRLSCAASGFTFSSYSMNWVRQAPGKGLEWVSSISSSSSYIYYADSVKGRFTISRDNAKNSLYLQMNSLRAEDTAVYYCARPGNIADTIGTLDLWGRGTLVTVSS,DIQMTQSPSSLSASVGDRVTITCRASQSISSYLNWYQQKPGKAPKLLIYAASSLQSGVPSRFSGSGSGTDFTLTISSLQPEDFATYYCQQSHTDPITFGGGTKVEIK,"jain2024assessment_Tm,jain2024assessment_ACSINS,jain2024assessment_HIC",71.0,8.8,0.0,,,,
EVQLVESGGGLVQPGGSLRLSCAASGFTFSSYSMNWVRQAPGKGLEWVSYISSSSSTIYYADSVKGRFTISRDNAKNSLYLQMNSLRAEDTAVYYCAREVGYSYDAAWFDPWGQGTLVTVSS,DIQMTQSPSSLSASVGDRVTITCQASQDISNYLNWYQQKPGKAPKLLIYDASNLETGVPSRFSGSGSGTDFTFTISSLQPEDIATYYCQQYTDFPITFGGGTKVEIK,"jain2024assessment_Tm,jain2024assessment_ACSINS,jain2024assessment_HIC",72.5,9.4,0.0,,,,
EVQLVQSGAEVKKPGESLKISCKGSGYSFTSYWIGWVRQAPGKGLEWMGIIYPGGSDTRYSPSFQGQVTISADKSISTAYLQWSSLKASDTAVYYCAREAGTGDDYYMDVWGQGTTVTVSS,DIQMTQSPSSVSASVGDRVTITCRASQGISSWLAWYQQKPGKAPKLLIYAASSLQSGVPSRFSGSGSGTDFTLTISSLQPEDFATYYCQQAAIYPLTFGGGTKVEIK,"jain2024assessment_Tm,jain2024assessment_ACSINS,jain2024assessment_HIC",75.5,8.5,0.0,,,,
QLQLQESGPGLVKPSETLSLTCTVSGGSISSSSYYWGWIRQPPGKGLEWIGSIYYSGSTYYNPSLKSRVTISVDTSKNQFSLKLSSVTAADTAVYYCAREGRWSSGMDVWGQGTTVTVSS,DIQMTQSPSSLSASVGDRVTITCRASQSISSYLNWYQQKPGKAPKLLIYAASSLQSGVPSRFSGSGSGTDFTLTISSLQPEDFATYYCQQVYDTLTFGGGTKVEIK,"jain2024assessment_Tm,jain2024assessment_ACSINS,jain2024assessment_HIC",78.0,10.9,17.8,,,,
QLQLQESGPGLVKPSETLSLTCTVSGGSISSSSYYWGWIRQPPGKGLEWIGSIYYSGSTYYNPSLKSRVTISVDTSKNQFSLKLSSVTAADTAVYYCAREAGDYYNLGYMDVWGKGTTVTVSS,EIVLTQSPATLSLSPGERATLSCRASQSVSSYLAWYQQKPGQAPRLLIYDASNRATGIPARFSGSGSGTDFTLTISSLEPEDFAVYYCQQFSFHYTFGGGTKVEIK,"jain2024assessment_Tm,jain2024assessment_ACSINS,jain2024assessment_HIC",79.0,11.0,12.8,,,,
QVQLVQSGAEVKKPGASVKVSCKASGYTFTSYYMHWVRQAPGQGLEWMGIINPSGGSTSYAQKFQGRVTMTRDTSTSTVYMELSSLRSEDTAVYYCAREGPPYYYDYMDVWGKGTTVTVSS,EIVLTQSPATLSLSPGERATLSCRASQSVSSYLAWYQQKPGQAPRLLIYDASNRATGIPARFSGSGSGTDFTLTISSLEPEDFAVYYCQQRSFYPPTFGGGTKVEIK,"jain2024assessment_Tm,jain2024assessment_ACSINS,jain2024assessment_HIC",70.5,10.6,13.8,,,,
QVQLQESGPGLVKPSGTLSLTCAVSGGSISSSNWWSWVRQPPGKGLEWIGEIYHSGSTNYNPSLKSRVTISVDKSKNQFSLKLSSVTAADTAVYYCARYYSGTHGYFDLWGRGTLVTVSS,DIVMTQSPDSLAVSLGERATINCKSSQSVLYSSNNKNYLAWYQQKPGQPPKLLIYWASTRESGVPDRFSGSGSGTDFTLTISSLQAEDVAVYYCQQDYIYPPTFGGGTKVEIK,"jain2024assessment_Tm,jain2024assessment_ACSINS,jain2024assessment_HIC",78.5,8.9,17.6,,,,
EVQLVQSGAEVKKPGESLKISCKGSGYSFTSYWIGWVRQAPGKGLEWMGIIYPGGSDTRYSPSFQGQVTISADKSISTAYLQWSSLKASDTAVYYCAREGNYDSSGYYSPYLDVWGQGTMVTVSS,DIQMTQSPSSVSASVGDRVTITCRASQGISRWLAWYQQKPGKAPKLLIYAASSLQSGVPSRFSGSGSGTDFTLTISSLQPEDFATYYCQQVNIFPLTFGGGTKVEIK,"jain2024assessment_Tm,jain2024assessment_ACSINS,jain2024assessment_HIC",69.0,9.7,4.0,,,,
EVQLLESGGGLVQPGGSLRLSCAASGFTFSSYAMSWVRQAPGKGLEWVSAISGSGGSTYYADSVKGRFTISRDNSKNTLYLQMNSLRAEDTAVYYCARAGDYYDSSRLESFDYWGQGTLVTVSS,DIQMTQSPSSLSASVGDRVTITCRASQSISSYLNWYQQKPGKAPKLLIYAASSLQSGVPSRFSGSGSGTDFTLTISSLQPEDFATYYCQQSYTFPFTFGGGTKVEIK,"jain2024assessment_Tm,jain2024assessment_ACSINS,jain2024assessment_HIC",83.5,9.1,6.0,,,,
EVQLLESGGGLVQPGGSLRLSCAASGFTFSNYAMSWVRQAPGKGLEWVSAISGSGGSTYYADSVKGRFTISRDNSKNTLYLQMNSLRAEDTAVYYCAKPRWYYGEYFDLWGRGTLVTVSS,EIVLTQSPATLSLSPGERATLSCRASQSVSSYLAWYQQKPGQAPRLLIYDASNRATGIPARFSGSGSGTDFTLTISSLEPEDFAVYYCQQAINYPWTFGGGTKVEIK,"jain2024assessment_Tm,jain2024assessment_ACSINS,jain2024assessment_HIC",82.0,9.5,21.8,,,,
QVQLVQSGAEVKKPGSSVKVSCKASGGTFSNYAISWVRQAPGQGLEWMGGIIPIFGTANYAQKFQGRVTITADESTSTAYMELSSLRSEDTAVYYCAREVGYDIWRYYYYYGMDVWGQGTTVTVSS,DIVMTQSPDSLAVSLGERATINCKSSQSVLYSSNNKNYLAWYQQKPGQPPKLLIYWASTRESGVPDRFSGSGSGTDFTLTISSLQAEDVAVYYCQQFLSLPYTFGGGTKVEIK,"jain2024assessment_Tm,jain2024assessment_ACSINS,jain2024assessment_HIC",75.5,16.0,17.8,,,,
QVQLVQSGAEVKKPGSSVKVSCKASGGTFSNYAISWVRQAPGQGLEWMGGIIPIFGTANYAQKFQGRVTITADESTSTAYMELSSLRSEDTAVYYCARDAGMYYIWPFDMWGQGTMVTVSS,EIVLTQSPATLSLSPGERATLSCRASQSVSRYLAWYQQKPGQAPRLLIYDASNRATGIPARFSGSGSGTDFTLTISSLEPEDFAVYYCQQLSSFPLTFGGGTKVEIK,"jain2024assessment_Tm,jain2024assessment_ACSINS,jain2024assessment_HIC",73.5,14.6,14.8,,,,
QVQLVQSGAEVKKPGSSVKVSCKASGGTFSSYAISWVRQAPGQGLEWMGGIIPIFGTANYAQKFQGRVTITADESTSTAYMELSSLRSEDTAVYYCAREGVYDWHFDYWGQGTLVTVSS,DIQLTQSPSTLSASVGDRVTITCRASQSISSWLAWYQQKPGKAPKLLIYDASSLESGVPSRFSGSGSGTEFTLTISSLQPDDFATYYCQQYQSFPPTFGGGTKVEIK,"jain2024assessment_Tm,jain2024assessment_ACSINS,jain2024assessment_HIC",74.5,13.5,15.4,,,,
QVQLVQSGAEVKKPGASVKVSCKASGYTFTGYYMHWVRQAPGQGLEWMGWINPSSGGTNYAQKFQGRVTMTRDTSISTAYMELSRLRSDDTAVYYCAREGLLQLEYYGMDVWGQGTTVTVSS,DIVMTQSPDSLAVSLGERATINCKSSQSVLYSSNNKNYLAWYQQKPGQPPKLLIYWASTRESGVPDRFSGSGSGTDFTLTISSLQAEDVAVYYCQQLDSDPITFGGGTKVEIK,"jain2024assessment_Tm,jain2024assessment_ACSINS,jain2024assessment_HIC",72.0,9.1,17.2,,,,
QVQLVQSGAEVKKPGASVKVSCKASGYTFTGYYMHWVRQAPGQGLEWMGSINPSSGGTNYAQKFQGRVTMTRDTSISTAYMELSRLRSDDTAVYYCARGGRMATGESWYFDLWGRGTLVTVSS,EIVLTQSPATLSLSPGERATLSCRASQSVSSYLAWYQQKPGQAPRLLIYDASNRATGIPARFSGSGSGTDFTLTISSLEPEDFAVYYCQQDSDFPLTFGGGTKVEIK,"jain2024assessment_Tm,jain2024assessment_ACSINS,jain2024assessment_HIC",80.5,8.9,22.2,,,,
QVQLVQSGAEVKKPGASVKVSCKASGYTFTGYYMHWVRQAPGQGLEWMGSINPSSGGTNYAQKFQGRVTMTRDTSISTAYMELSRLRSDDTAVYYCARGKYPPAYVWGQGTTVTVSS,DIQMTQSPSSLSASVGDRVTITCRASQSISSYLNWYQQKPGKAPKLLIYAASSLQSGVPSRFSGSGSGTDFTLTISSLQPEDFATYYCQQGYVAPFTFGGGTKVEIK,"jain2024assessment_Tm,jain2024assessment_ACSINS,jain2024assessment_HIC",71.5,8.8,6.0,,,,
EVQLVESGGGLVKPGGSLRLSCAASGFTFSSYSMNWVRQAPGKGLEWVSSISSSSSYIYYADSVKGRFTISRDNAKNSLYLQMNSLRAEDTAVYYCARDSNDFWSDWYDFDLWGRGTLVTVSS,DIQMTQSPSSLSASVGDRVTITCQASQDISNYLNWYQQKPGKAPKLLIYDASNLETGVPSRFSGSGSGTDFTFTISSLQPEDIATYYCQQHIYLPPTFGGGTKVEIK,"jain2024assessment_Tm,jain2024assessment_ACSINS,jain2024assessment_HIC",71.5,14.2,18.2,,,,
QVQLVESGGGVVQPGRSLRLSCAASGFTFSSYGMHWVRQAPGKGLEWVAVIWYEGSNKYYADSVKGRFTISRDNSKNTLYLQMNSLRAEDTAVYYCAKEAGTYYYASSGYTALDVWGQGTMVTVSS,DIQMTQSPSSLSASVGDRVTITCRASQSINSYLNWYQQKPGKAPKLLIYAASSLQSGVPSRFSGSGSGTDFTLTISSLQPEDFATYYCQQTHDTPPTFGGGTKVEIK,"jain2024assessment_Tm,jain2024assessment_ACSINS,jain2024assessment_HIC",77.0,11.7,9.2,,,,
EVQLVESGGGLVQPGGSLRLSCAASGFTFSSYSMNWVRQAPGKGLEWVSYISSSSSTIYYADSVKGRFTISRDNAKNSLYLQMNSLRAEDTAVYYCAREGGYGRVDVWGQGTMVTVSS,DIQMTQSPSSLSASVGDRVTITCRASQSISSYLNWYQQKPGKAPKLLIYAASSLQSGVPSRFSGSGSGTDFTLTISSLQPEDFATYYCQQPVSLPFTFGGGTKVEIK,"jain2024assessment_Tm,jain2024assessment_ACSINS,jain2024assessment_HIC",77.5,9.7,21.0,,,,
EVQLVESGGGLVQPGGSLRLSCAASGFTFSSYSMNWVRQAPGKGLEWVSYISSSSSTIYYADSVKGRFTISRDNAKNSLYLQMNSLRAEDTAVYYCARDLGGNYYRPIYGMDVWGQGTTVTVSS,EIVLTQSPATLSLSPGERATLSCRASQSVSSYLAWFQQKPGQAPRLLIYDASNRATGIPARFSGSGSGTDFTLTISSLEPEDFAVYYCQQDSVFPLTFGGGTKVEIK,"jain2024assessment_Tm,jain2024assessment_ACSINS,jain2024assessment_HIC",74.5,9.6,5.4,,,,
EVQLVQSGAEVKKPGESLKISCKGSGYSFTSYWIGWVRQAPGKGLEWMGIIYPGGSDTRYSPSFQGQVTISADKSISTAYLQWSSLKASDTAVYYCARERIYGDYYGFDYWGQGTLVTVSS,EIVMTQSPATLSVSPGERATLSCRASQSVSSSLAWYQQKPGQAPRLLIYGASTRATGIPARFSGSGSGTEFTLTISSLQSEDFAVYYCQQANAYPYTFGGGTKVEIK,"jain2024assessment_Tm,jain2024assessment_ACSINS,jain2024assessment_HIC",76.5,8.4,0.0,,,,
EVQLVQSGAEVKKPGESLKISCKGSGYSFTSYWIGWVRQAPGKGLEWMGIIYPGGSDTRYSPSFQGQVTISADKSISTAYLQWSSLKASDTAVYYCARLPWDYVGYIDYWGQGTLVTVSS,EIVLTQSPATLSLSPGERATLSCRASQSVSRYLAWYQQKPGQAPRLLIYDASNRATGIPARFSGSGSGTDFTLTISSLEPEDFAVYYCQQFYYWPRTFGGGTKVEIK,"jain2024assessment_Tm,jain2024assessment_ACSINS,jain2024assessment_HIC",74.5,10.7,17.4,,,,
QLQLQESGPGLVKPSETLSLTCTVSGGSISSSDYYWGWIRQPPGKGLEWIGSIYYSGSTYYNPSLKSRVTISVDTSKNQFSLKLSSVTAADTAVYYCAREGTSWYSGTIWFDPWGQGTLVTVSS,DIQMTQSPSSLSASVGDRVTITCRASQSISSFLNWYQQKPGKAPKLLISAASSLQSGVPSRFSGSGSGTDFTLTISSLQPEDFATYYCQQSYAAPWTFGGGTKVEIK,"jain2024assessment_Tm,jain2024assessment_ACSINS,jain2024assessment_HIC",85.0,13.1,19.0,,,,
QLQLQESGPGLVKPSETLSLTCTVSGGSISSSDYYWGWIRQPPGKGLEWIGSIYYSGSTYYNPSLKSRVTISVDTSKNQFSLKLSSVTAADTAVYYCAREVGSYYELTWFDPWGQGTLVTVSS,EIVLTQSPATLSLSPGERATLSCRASQSVSSYLAWYQQKPGQAPRLLIYDASKRATGIPARFSGSGSGTDFTLTISSLEPEDFAVYYCQEYSFLPYTFGGGTKVEIK,"jain2024assessment_Tm,jain2024assessment_ACSINS,jain2024assessment_HIC",83.5,10.0,6.2,,,,
QLQLQESGPGLVKPSETLSLTCTVSGGSISSSDYYWGWIRQPPGKGLEWIGSIYYSGSTYYNPSLKSRVTISVDTSKNQFSLKLSSVTAADTAVYYCARDTGSWELGYMDVWGKGTTVTVSS,EIVLTQSPGTLSLSPGERATLSCRASQSVSSSYLAWYQQKPGQAPRLLIYGASSRATGIPDRFSGSGSGTDFTLTISRLEPEDFAVYYCQQYDSSPYTFGGGTKVEIK,"jain2024assessment_Tm,jain2024assessment_ACSINS,jain2024assessment_HIC",74.5,9.8,16.6,,,,
QVQLQQWGAGLLKPSETLSLTCAVYGGSFSGYYWSWIRQPPGKGLEWIGEIDHSGSTNYNPSLKSRVTISVDTSKNQFSLKLSSVTAADTAVYYCARDRGGSSYLYDAFDIWGQGTMVTVSS,EIVMTQSPATLSVSPGERATLSCRASQSVSSNLAWYQQKPGQAPRLLIYSASTRATGIPARFSGSGSGTEFTLTISSLQSEDFAVYYCQQYSVFPITFGGGTKVEIK,"jain2024assessment_Tm,jain2024assessment_ACSINS,jain2024assessment_HIC",83.0,9.4,0.0,,,,
QVQLQQWGAGLLKPSETLSLTCAVYGGSFSGYYWSWIRQPPGKGLEWIGEIDHSGSTNYNPSLKSRVTISVDTSKNQFSLKLSSVTAADTAVYYCARGVGDDSGGYELNWFDPWGQGTMVTVSS,EIVLTQSPATLSLSPGERATLSCRASQSVSSYLAWYQQKPGQAPRLLIYDSSNRATGIPARFSGSGSGTDFTLTISSLEPEDFAVYYCQQDSLLPYTFGGGTKVEIK,"jain2024assessment_Tm,jain2024assessment_ACSINS,jain2024assessment_HIC",72.5,9.3,0.6,,,,
QLQLQESGPGLVKPSETLSLTCTVSGGSISSSDYYWGWIRQPPGKGLEWIGSIYYSGSTYYNPSLKSRVTISVDTSKNQFSLKLSSVTAADTAVYYCARETDSYSSASGSAFDPWGQGTLVTVSS,EIVMTQSPATLSVSPGERATLSCRASQSVSSSLAWYQQKPGQAPRLLIYGASTRATGIPARFSGSGSGTEFTLTISSLQSEDFAVYYCQQFNFWPWTFGGGTKVEIK,"jain2024assessment_Tm,jain2024assessment_ACSINS,jain2024assessment_HIC",79.5,10.2,1.6,,,,
QVQLQESGPGLVKPSGTLSLTCAVSGGSISSSNWWSWVRQPPGKGLEWIGEIYHSGSTNYNPSLKSRVTISVDKSKNQFSLKLSSVTAADTAVYYCARDRGGNYYDSSGYYYLGPFDIWGQGTMVTVSS,DIQMTQSPSSLSASVGDRVTITCQASQDISNYLNWYQQKPGKAPKLLIYDASNLETGVPSRFSGSGSGTDFTFTISSLQPEDIATYYCQQYSYLPITFGGGTKVEIK,"jain2024assessment_Tm,jain2024assessment_ACSINS,jain2024assessment_HIC",85.0,10.7,7.8,,,,
QVQLQESGPGLVKPSGTLSLTCAVSGGSISSSNWWSWVRQPPGKGLEWIGEIYHSGSTNYNPSLKSRVTISVDKSKNQFSLKLSSVTAADTAVYYCARDRSSSWYTLGPFDIWGQGTMVTVSS,DIQMTQSPSSVSASVGDRVTITCRASQGISSWLAWYQQKPGKAPKLLIYAASSLQSGVPSRFSGSGSGTDFTLTISSLQPEDFATYYCQQASFHPITFGGGTKVEIK,"jain2024assessment_Tm,jain2024assessment_ACSINS,jain2024assessment_HIC",77.5,10.6,15.4,,,,
QVQLQESGPGLVKPSGTLSLTCAVSGGSISSSNWWSWVRQPPGKGLEWIGEIYHSGSTNYNPSLKSRVTISVDKSKNQFSLKLSSVTAADTAVYYCAREVASSGYYYYAPFDYWGQGTLVTVSS,EIVMTQSPGTLSLSPGERATLSCRASQSVSSSYLAWYQQKPGQAPRLLIYGASNRATGIPDRFSGSGSGTDFTLTISRLEPEDFAVYYCQQYDSSPYTFGGGTKVEIK,"jain2024assessment_Tm,jain2024assessment_ACSINS,jain2024assessment_HIC",74.5,9.7,16.8,,,,
QVQLVQSGAEVKKPGSSVKVSCKASGGTFSSYAISWVRQAPGQGLEWMGGIIPIFGTANYAQKFQGRVTITADESTSTAYMELSSLRSEDTAVYYCAREPGYYGSGISNFDYWGQGTLVTVSS,EIVLTQSPATLSLSPGERATLSCRASQSVSSYLAWYQQKPGQAPRLLIYDASNRATGIPARFSGSGSGTDFTLTISSLEPEDFAVYYCQQRSYWPITFGGGTKVEIK,"jain2024assessment_Tm,jain2024assessment_ACSINS,jain2024assessment_HIC",70.5,14.4,19.0,,,,
QVQLVQSGAEVKKPGSSVKVSCKASGGTFSSYAISWVRQAPGQGLEWMGGIIPISGTANYAQKFQGRVTITADESTSTAYMELSSLRSEDTAVYYCARGTTMSSPRRFDPWGQGTLVTVSS,DIQMTQSPSSLSASVGDRVTITCRASQSISSYLNWYQQKPGKAPKLLIYAASSLQSGVPSRFSGSGSGTDFTLTISSLQPEDFATYYCQQSAHVPLTFGGGTKVEIK,"jain2024assessment_Tm,jain2024assessment_ACSINS,jain2024assessment_HIC",73.0,9.0,0.4,,,,
QVQLVQSGAEVKKPGASVKVSCKASGYTFTGYYMHWVRQAPGQGLEWMGWINPSSGGTNYAQKFQGRVTMTRDTSISTAYMELSRLRSDDTAVYYCARESGYQYGELFDIWGQGTMVTVSS,DIQMTQSPSTLSASVGDRVTITCRASQSISSWLAWYQQKPGKAPKLLIYDASSLESGVPSRFSGSGSGTEFTLTISSLQPDDFATYYCQQYGPYSWTFGGGTKVEIK,"jain2024assessment_Tm,jain2024assessment_ACSINS,jain2024assessment_HIC",71.0,9.9,15.8,,,,
EVQLLESGGGLVQPGGSLRLSCAASGFTFSSYAMSWVRQAPGKGLEWVSAISGSGGSTYYADSVKGRFTISRDNSKNTLYLQMNSLRAEDTAVYYCAKGGLGYMRYYYYYYGMDVWGQGTTVTVSS,EIVLTQSPGTLSLSPGERATLSCRASQSVSSSYLAWYQQKPGQAPRLLIYGASSRATGIPDRFSGSGSGTDFTLTISRLEPEDFAVYYCQQSFSSPITFGGGTKVEIK,"jain2024assessment_Tm,jain2024assessment_ACSINS,jain2024assessment_HIC",74.5,12.4,13.2,,,,
QVQLQESGPGLVKPSGTLSLTCAVSGGSISSSNWWSWVRQPPGKGLEWIGEIYHSGSTNYNPSLKSRVTISVDKSKNQFSLKLSSVTAADTAVYYCARDAGRTDYDYYYYYGMDVWGQGTTVTVSS,EIVLTQSPATLSLSPGERATLSCRASQSVSSYLAWYQQKPGQAPRLLIYDSSNRATGIPARFSGSGSGTDFTLTISSLEPEDFAVYYCQQLSIFPITFGGGTKVEIK,"jain2024assessment_Tm,jain2024assessment_ACSINS,jain2024assessment_HIC",78.0,9.9,5.4,,,,
QVQLQQSGAGLLKPSETLSLTCTVSGGSFSGYYWSWIRQPPGKGLEWIGEIDHSGSTNYNPSLKSRVTISVDTSKNQFSLKLSSVTAADTAVYYCARGVGDDSGGYELNWFDPWGQGTMVTVSS,EIVLTQSPATLSLSPGERATLSCRASQSVSSYLAWYQQKPGQAPRLLIYDSSNRATGIPARFSGSGSGTDFTLTISSLEPEDFAVYYCQQDSLLPYTFGGGTKVEIK,"jain2024assessment_Tm,jain2024assessment_ACSINS,jain2024assessment_HIC",73.0,8.6,0.0,,,,
QVQLQQSGAGLLKPSETLSLTCTVSGGSFSGYYWSWIRQPPGKGLEWIGEIDHSGSTNYNPSLKSRVTISVDTSKNQFSLKLSSVTAADTAVYYCARDRGGSSYLYDAFDIWGQGTMVTVSS,EIVMTQSPATLSVSPGERATLSCRASQSVSSNLAWYQQKPGQAPRLLIYSASTRATGIPARFSGSGSGTEFTLTISSLQSEDFAVYYCQQYSVFPITFGGGTKVEIK,"jain2024assessment_Tm,jain2024assessment_ACSINS,jain2024assessment_HIC",83.5,8.6,0.0,,,,
